DEC_LAT,DEC_LONG
40.6088,-79.7041
40.2347,-79.2282
40.3216,-79.3905
40.3013,-79.5414
40.3071,-79.5429
40.2903,-79.5399
,
40.5728,-79.5927
40.4461,-79.5838
40.6201,-79.6353
40.3263,-79.7276
40.3012,-79.5506
40.301,-79.5541
40.3638,-79.6898
40.5964,-79.6933
40.3257,-79.7114
40.3304,-79.7049
40.5869,-79.7494
40.3378,-79.6755
40.5943,-79.6141
40.3372,-79.6206
40.5981,-79.5716
40.2109,-79.7362
40.2776,-79.3756
40.3037,-79.5781
40.4409,-79.5688
40.1547,-79.777
40.5872,-79.7615
40.3362,-79.7693
40.3465,-79.5492
40.6026,-79.5656
40.577,-79.7375
40.3034,-79.5533
40.4876,-79.6213
40.4633,-79.6558
40.282,-79.7039
40.2866,-79.4424
40.4972,-79.6601
40.5005,-79.6742
40.3444,-79.7225
40.3412,-79.7423
40.3814,-79.7038
40.2966,-79.3619
40.3585,-79.523
40.3236,-79.6826
40.4049,-79.7132
40.2867,-79.5324
40.3551,-79.6511
40.6153,-79.66
40.3274,-79.7195
40.138,-79.5476
40.2569,-79.6249
40.3233,-79.6994
40.5865,-79.751
40.5999,-79.6088
40.3455,-79.6947
40.3285,-79.7162
40.342,-79.7593
40.1599,-79.8589
40.4144,-79.6242
40.5313,-79.5174
40.1981,-79.8295
40.3001,-79.5446
40.2956,-79.6496
40.5467,-79.7319
40.3623,-79.7717
40.3403,-79.7548
40.3364,-79.5914
,
40.4432,-79.5858
40.5619,-79.699
40.1869,-79.818
40.158,-79.7343
40.1661,-79.7428
40.3703,-79.6933
40.3316,-79.7406
40.5961,-79.5696
40.14,-79.8281
40.143,-79.8414
40.2599,-79.1464
40.2115,-79.6044
40.2348,-79.5815
40.3186,-79.6202
40.1493,-79.7745
40.4925,-79.6484
40.6099,-79.7051
40.5856,-79.7104
40.218,-79.251
40.3082,-79.7097
40.4195,-79.6537
40.2745,-79.5681
40.1647,-79.4335
40.3786,-79.4982
40.3955,-79.442
40.4395,-79.4112
40.318,-79.6945
40.571,-79.7495
40.5852,-79.7567
40.4375,-79.653
40.2838,-79.5413
40.2851,-79.5898
40.5634,-79.7555
40.5572,-79.7598
40.4278,-79.6812
40.1608,-79.4252
40.3275,-79.3757
40.2716,-79.5221
40.3295,-79.6045
40.5453,-79.7005
40.5809,-79.6423
40.592,-79.5893
40.3899,-79.7438
40.4142,-79.5899
40.1667,-79.5435
40.219,-79.5558
,
40.2953,-79.6098
40.185,-79.5313
40.5099,-79.6617
40.1794,-79.8042
40.0999,-79.3626
40.1005,-79.3638
40.2036,-79.6154
40.2613,-79.6441
40.355,-79.3385
40.2887,-79.5287
40.3137,-79.4006
40.1125,-79.3829
40.3281,-79.7251
40.1325,-79.8612
40.4169,-79.0247
40.3065,-79.3936
40.3348,-79.7097
40.1551,-79.8877
40.1608,-79.8846
40.3176,-79.6141
40.3978,-79.4689
40.5526,-79.7579
40.3067,-79.5747
40.3156,-79.3322
40.3176,-79.3829
40.2856,-79.437
40.5792,-79.5698
40.156,-79.7732
40.2384,-79.579
40.324,-79.7045
40.5952,-79.5782
40.307,-79.5392
40.2881,-79.3669
40.2413,-79.2398
40.3323,-79.7699
40.4777,-79.5987
40.353,-79.6711
40.3948,-79.6354
40.3244,-79.6245
40.3307,-79.6253
40.1558,-79.8286
40.2868,-79.585
40.139,-79.8567
40.1383,-79.8486
40.273,-79.0972
40.2771,-79.1748
40.575,-79.7559
40.2612,-79.7205
40.3169,-79.6145
40.5109,-79.6523
40.6113,-79.6654
40.4902,-79.6423
40.2478,-79.5044
40.2318,-79.5879
40.1965,-79.5998
40.2977,-79.4812
40.5354,-79.6426
40.3224,-79.3938
40.1235,-79.5566
40.2688,-79.4065
40.242,-79.4609
40.318,-79.3989
40.5685,-79.7425
40.551,-79.6661
40.5334,-79.6319
40.4906,-79.644
40.5843,-79.7646
40.2756,-79.3049
40.2814,-79.5719
40.546,-79.5529
40.1715,-79.7305
40.2103,-79.6967
40.31,-79.5458
40.1221,-79.5506
40.3135,-79.4902
40.2693,-79.5578
40.2775,-79.1744
40.1549,-79.8295
40.5902,-79.7371
40.3297,-79.7102
40.335,-79.7127
40.307,-79.5392
40.6028,-79.6105
40.3411,-79.6338
40.4882,-79.6098
40.5828,-79.7109
40.3524,-79.7681
40.232,-79.5846
40.6106,-79.6664
40.3137,-79.6714
40.5185,-79.6073
40.3468,-79.6284
40.2919,-79.3795
40.3302,-79.4873
40.2185,-79.6077
40.1555,-79.561
40.2859,-79.7259
40.3182,-79.7073
40.1734,-79.8204
40.1392,-79.8424
40.3485,-79.64
40.4922,-79.6922
40.381,-79.4515
40.1852,-79.7085
40.1715,-79.7241
40.1444,-79.816
40.5675,-79.761
40.3295,-79.5996
40.2074,-79.572
40.3538,-79.6846
40.3589,-79.6808
,
40.5627,-79.7414
40.3492,-79.767
40.5598,-79.5819
40.3713,-79.6841
40.5125,-79.652
40.4386,-79.6837
40.1788,-79.44
40.335,-79.6101
40.3288,-79.5987
40.0894,-79.3423
40.5638,-79.6975
40.319,-79.6882
40.1376,-79.8404
40.1982,-79.8287
40.1418,-79.8416
40.3246,-79.578
40.2807,-79.6498
40.4715,-79.4476
40.5835,-79.7023
40.2952,-79.7563
40.4036,-79.69
40.3423,-79.3154
40.5738,-79.7486
40.2007,-79.2644
40.5679,-79.7465
40.5767,-79.7503
40.5247,-79.7009
40.4166,-79.6917
40.4125,-79.6307
40.467,-79.6949
40.4074,-79.728
40.1477,-79.5329
40.3782,-79.4319
40.4964,-79.4631
40.4964,-79.4631
40.4636,-79.589
40.42,-79.3633
40.3555,-79.5237
40.287,-79.5467
40.297,-79.5563
40.1342,-79.852
40.1203,-79.5612
40.5697,-79.5674
40.3944,-79.5841
40.2149,-79.1847
40.6183,-79.6552
40.5616,-79.7523
40.3834,-79.6785
40.3349,-79.6913
40.6634,-79.6853
40.1346,-79.875
40.3152,-79.5657
40.3217,-79.7327
40.4159,-79.5972
40.4875,-79.6969
40.4242,-79.6642
40.3874,-79.5626
40.3682,-79.4641
40.4607,-79.4343
40.164,-79.8189
40.6309,-79.6371
40.587,-79.7634
40.3292,-79.733
40.5882,-79.7446
40.3211,-79.7546
40.6606,-79.674
40.34,-79.7192
40.3495,-79.7674
40.3989,-79.7153
40.6035,-79.5954
40.3522,-79.3159
40.286,-79.3818
40.2036,-79.5795
40.3991,-79.5795
40.399,-79.5795
40.1786,-79.8485
40.1886,-79.2805
,
40.5843,-79.7646
40.388,-79.7188
40.3348,-79.718
40.4722,-79.6962
40.4279,-79.6951
40.5014,-79.6792
40.4969,-79.6976
40.4125,-79.6307
40.4249,-79.6346
40.4284,-79.5456
40.2126,-79.591
40.6226,-79.6391
40.3169,-79.6145
40.2833,-79.4888
40.3658,-79.1682
40.2851,-79.3888
40.2926,-79.3298
40.2535,-79.7555
40.1776,-79.53
40.2835,-79.5399
40.1379,-79.5476
40.278,-79.6322
40.3096,-79.4999
40.342,-79.5004
40.2832,-79.4603
40.2347,-79.7736
40.3037,-79.6015
40.2829,-79.4167
40.1239,-79.5552
40.5856,-79.7104
40.1597,-79.8211
40.4881,-79.6118
40.1011,-79.6151
40.359,-79.2751
40.3095,-79.5179
40.3255,-79.6591
40.1927,-79.4842
40.3982,-79.5712
40.4271,-79.5443
40.6016,-79.5717
40.1993,-79.6979
40.3307,-79.5803
40.1495,-79.4286
40.155,-79.4721
40.6461,-79.6593
40.3065,-79.5397
40.5379,-79.5931
40.291,-79.6697
40.5627,-79.7633
40.3288,-79.7304
40.3352,-79.6008
40.3468,-79.6048
40.1488,-79.542
40.32,-79.3952
40.3581,-79.7706
40.5131,-79.5852
40.6407,-79.6563
40.2485,-79.2494
40.4633,-79.6565
40.1655,-79.6014
40.196,-79.5739
40.4894,-79.4541
40.1805,-79.8101
40.621,-79.6422
40.3147,-79.6756
40.3755,-79.7224
40.1683,-79.8181
40.2166,-79.6301
40.1402,-79.8513
40.6352,-79.6529
40.1601,-79.8639
40.5915,-79.7445
40.423,-79.6942
40.4092,-79.3056
40.1995,-79.6011
40.3107,-79.6015
40.2958,-79.394
40.2788,-79.5978
40.3464,-79.5492
40.1941,-79.6968
40.2615,-79.2662
40.1708,-79.7952
40.2745,-79.302
40.6677,-79.6917
40.4875,-79.6969
40.3144,-79.1845
40.4029,-79.5228
40.4273,-79.6961
40.3277,-79.6035
40.1377,-79.5111
40.5771,-79.7356
40.5565,-79.7654
40.5883,-79.747
40.3388,-79.7494
40.4776,-79.6396
40.4414,-79.7024
40.4204,-79.6928
40.289,-79.394
40.2871,-79.3697
40.2053,-79.5274
40.1327,-79.8613
40.3241,-79.7014
40.2761,-79.6203
40.1662,-79.6198
40.2844,-79.3936
40.3104,-79.6269
40.1583,-79.8218
40.1269,-79.6017
40.3102,-79.6773
40.3455,-79.5708
40.3387,-79.5403
40.5879,-79.7059
40.2971,-79.4794
40.3131,-79.4936
40.2051,-79.7535
40.3292,-79.727
40.5938,-79.6354
40.1384,-79.8426
40.2016,-79.8349
40.3854,-79.7047
40.3271,-79.7169
40.6351,-79.6528
40.1606,-79.7621
40.3401,-79.7253
40.1457,-79.8426
40.3532,-79.6534
40.3419,-79.6324
40.6177,-79.621
40.3284,-79.6003
40.2548,-79.1741
40.6002,-79.7147
40.3242,-79.7568
40.1914,-79.8525
40.3571,-79.7372
40.3559,-79.7698
40.5684,-79.746
40.5774,-79.7504
,
40.2109,-79.4709
40.2138,-79.4089
40.3227,-79.3615
40.3134,-79.579
40.32,-79.6558
40.3275,-79.7194
40.4885,-79.6006
40.3964,-79.7191
40.3358,-79.745
40.5669,-79.7543
40.3181,-79.7541
40.413,-79.5726
40.2867,-79.5324
40.4273,-79.5127
40.5384,-79.6448
40.6635,-79.6873
,
40.3937,-79.1575
40.2735,-79.6683
40.2604,-79.6133
40.3296,-79.7343
40.4885,-79.634
40.3291,-79.6211
40.2093,-79.7657
40.201,-79.6821
40.3452,-79.6345
40.5001,-79.6815
40.2344,-79.4945
40.1162,-79.3963
40.1216,-79.3988
40.2245,-79.6068
40.4116,-79.5714
40.2929,-79.5401
40.6047,-79.6746
40.3242,-79.7039
40.3008,-79.5041
40.2061,-79.5853
40.5557,-79.7595
40.2463,-79.7693
40.2925,-79.5731
40.1578,-79.5609
40.3055,-79.5783
40.1298,-79.8759
40.3192,-79.5561
40.3077,-79.3724
40.1894,-79.8198
40.3296,-79.7343
40.3034,-79.5382
40.58,-79.7615
40.5831,-79.7109
40.2152,-79.345
40.2952,-79.4215
40.2898,-79.5422
40.4103,-79.5959
40.2672,-79.7649
40.2854,-79.5892
40.2926,-79.5589
40.273,-79.5951
40.3157,-79.3332
40.12,-79.2782
40.3296,-79.7343
40.2994,-79.5432
40.4339,-79.6623
40.3024,-79.4982
40.2898,-79.3585
40.476,-79.4514
40.319,-79.6883
40.154,-79.5523
40.3246,-79.578
40.2881,-79.5568
40.1202,-79.3984
40.1216,-79.3988
40.1691,-79.4977
40.5498,-79.7408
40.1537,-79.8512
40.3314,-79.7404
40.3246,-79.7563
40.1501,-79.451
40.3937,-79.7297
40.4075,-79.7278
40.235,-79.2159
40.2988,-79.5399
40.3296,-79.7343
40.5844,-79.7009
40.13,-79.8777
40.5207,-79.6523
40.1603,-79.549
40.2975,-79.5586
40.5763,-79.6129
40.3408,-79.5817
40.2239,-79.5379
40.2898,-79.3815
40.1754,-79.5348
40.1342,-79.3581
40.2101,-79.7356
40.185,-79.5428
40.3413,-79.5011
40.3303,-79.6426
40.2305,-79.5866
40.5233,-79.4716
40.4195,-79.5079
40.3984,-79.5031
40.1865,-79.7286
40.291,-79.6697
40.2887,-79.6116
40.309,-79.6762
40.3199,-79.6796
40.3117,-79.592
40.2866,-79.6694
40.3323,-79.6895
40.5606,-79.5802
40.5251,-79.5916
40.5928,-79.7489
40.553,-79.6026
40.3303,-79.7073
40.1603,-79.8773
40.1374,-79.8747
40.1391,-79.8258
40.3098,-79.6644
40.308,-79.4028
40.3067,-79.4102
40.1722,-79.7224
40.3672,-79.6186
40.5838,-79.7577
40.3488,-79.575
40.4186,-79.6268
40.3392,-79.6923
40.2682,-79.2938
,
40.2589,-79.2643
40.4257,-79.6737
40.2675,-79.4634
40.2806,-79.3659
40.1361,-79.5479
40.3014,-79.3371
40.1057,-79.6304
40.286,-79.5884
40.3274,-79.6348
40.2791,-79.5924
40.419,-79.5714
40.3338,-79.7433
40.2988,-79.1555
40.2381,-79.5951
40.2272,-79.5912
40.2598,-79.6431
40.3144,-79.6737
40.5772,-79.5938
40.5205,-79.4742
40.5914,-79.5718
40.384,-79.6207
40.2099,-79.1916
40.1349,-79.8428
40.3471,-79.5298
40.5747,-79.7559
40.5934,-79.7494
40.3296,-79.7343
40.5578,-79.7613
40.421,-79.6426
40.2613,-79.3336
40.2838,-79.5399
40.2338,-79.4131
40.1115,-79.636
40.3915,-79.2847
40.3235,-79.3695
40.2955,-79.5232
40.1459,-79.5739
40.4021,-79.5171
40.5779,-79.5694
40.4048,-79.423
40.1052,-79.2297
40.3081,-79.3934
40.1781,-79.6129
40.3502,-79.3169
40.1773,-79.6276
40.3698,-79.5218
40.1125,-79.3578
40.2489,-79.5738
40.3335,-79.6709
40.418,-79.7114
40.572,-79.5669
40.4604,-79.6385
40.4177,-79.6484
40.2678,-79.7451
40.2928,-79.3504
40.3069,-79.5458
40.3314,-79.7404
40.5351,-79.635
40.42,-79.6545
40.3403,-79.755
40.3296,-79.7343
40.312,-79.5384
40.5895,-79.7561
40.4419,-79.7027
40.2969,-79.6696
40.3014,-79.4926
40.279,-79.3687
40.4506,-79.4208
40.2114,-79.6641
40.5232,-79.6987
40.4065,-79.7287
40.3423,-79.725
40.3293,-79.671
40.3068,-79.5747
40.1812,-79.7111
40.4369,-79.599
40.3887,-79.7233
40.5503,-79.7442
40.3285,-79.7288
40.1961,-79.2678
40.3397,-79.3154
40.1052,-79.2297
40.3003,-79.7244
40.5182,-79.5192
40.5178,-79.5147
40.4885,-79.4777
40.4697,-79.5904
40.427,-79.7007
40.1961,-79.2678
40.285,-79.433
40.3621,-79.5243
40.1671,-79.7362
40.5909,-79.5726
40.3112,-79.3789
40.3468,-79.6284
40.569,-79.7281
40.3371,-79.7463
40.1802,-79.5228
40.3185,-79.5541
40.3082,-79.5971
40.2799,-79.6152
40.2934,-79.6485
40.2902,-79.5314
40.3879,-79.4213
40.1218,-79.5875
40.1238,-79.5556
40.3462,-79.3254
40.2874,-79.5959
40.3466,-79.5491
40.3826,-79.5723
40.1277,-79.4068
40.381,-79.7454
40.6017,-79.5678
40.372,-79.7571
40.6164,-79.6316
40.3813,-79.0537
40.444,-79.6468
40.1439,-79.8728
40.1605,-79.8787
40.2972,-79.4931
40.2953,-79.3393
40.1301,-79.5531
40.5668,-79.5688
40.3921,-79.5731
40.1052,-79.2385
40.1186,-79.273
40.346,-79.7252
40.5837,-79.596
40.5725,-79.7655
40.4429,-79.6343
40.3751,-79.6853
40.4047,-79.7254
40.1961,-79.2678
40.3382,-79.6259
40.5897,-79.7526
40.5869,-79.6736
40.2884,-79.5426
40.5761,-79.7412
40.4511,-79.4231
40.4638,-79.5891
40.5985,-79.6868
40.2939,-79.4581
40.2927,-79.4694
40.2845,-79.39
40.33,-79.5466
40.2868,-79.4224
40.0879,-79.3356
40.3141,-79.2037
40.1859,-79.6149
40.1499,-79.7997
40.1402,-79.8248
40.588,-79.7208
40.3216,-79.7665
40.5654,-79.7652
40.3246,-79.578
40.1524,-79.7325
40.1188,-79.398
40.1216,-79.3988
40.2824,-79.3099
40.3296,-79.7185
40.599,-79.5612
40.2977,-79.6148
40.2739,-79.0844
40.2666,-79.7186
40.3214,-79.5777
40.2497,-79.6797
40.1381,-79.667
40.2211,-79.774
40.1397,-79.8468
40.1387,-79.8425
40.3173,-79.3477
40.2672,-79.5587
40.3386,-79.4383
40.119,-79.6526
40.6161,-79.6261
40.6161,-79.6269
40.3654,-79.6566
40.2036,-79.8376
40.2857,-79.3846
40.3264,-79.4276
40.3526,-79.7682
40.5869,-79.7494
40.3208,-79.4268
40.4008,-79.5866
40.5634,-79.7581
40.1404,-79.858
40.3066,-79.6741
40.3589,-79.6808
40.1188,-79.398
40.4067,-79.7184
40.1708,-79.5007
40.3334,-79.5808
40.301,-79.5542
40.1384,-79.8425
40.3275,-79.6965
40.3267,-79.701
40.1208,-79.5877
40.1093,-79.5793
40.2473,-79.4782
40.1346,-79.4092
40.3261,-79.6846
40.1726,-79.7983
40.3023,-79.5224
40.3017,-79.5615
40.189,-79.5691
40.3271,-79.5463
40.2608,-79.6038
40.2824,-79.5256
40.3064,-79.5749
40.2012,-79.6028
40.1582,-79.5672
40.3728,-79.6849
40.2117,-79.7717
40.26,-79.2656
40.1189,-79.3755
40.4331,-79.276
40.3197,-79.3419
40.3026,-79.5288
40.3091,-79.7285
40.4782,-79.5922
40.2808,-79.6648
40.1545,-79.5543
40.3023,-79.4977
40.3582,-79.7381
40.3761,-79.6499
40.4044,-79.6555
40.1383,-79.5476
40.3137,-79.6714
40.6329,-79.6517
40.5889,-79.5989
40.5323,-79.7134
40.2903,-79.4632
40.1413,-79.8227
40.3215,-79.3949
40.3311,-79.7408
40.3174,-79.6841
40.1945,-79.8295
40.3171,-79.6578
40.3084,-79.5502
40.3263,-79.4885
40.4894,-79.4541
40.1807,-79.521
40.5547,-79.7536
40.6338,-79.6522
40.6353,-79.653
40.281,-79.4599
40.3091,-79.5192
40.3091,-79.5192
40.163,-79.7334
40.177,-79.7135
40.1191,-79.2767
40.2355,-79.6217
40.5651,-79.7674
40.1554,-79.8921
40.6073,-79.6038
40.3243,-79.7015
40.5843,-79.5717
40.3293,-79.604
40.3284,-79.7453
40.2453,-79.5218
40.2484,-79.6864
40.2941,-79.5354
40.2901,-79.542
40.1478,-79.5291
40.3553,-79.1157
40.1701,-79.7304
40.6002,-79.5671
40.2795,-79.3089
40.2875,-79.5504
40.1057,-79.645
40.2558,-79.6779
40.3095,-79.5388
40.576,-79.7653
40.2749,-79.6575
40.3049,-79.5827
40.2623,-79.4963
40.5277,-79.5985
40.1061,-79.24
,
40.1926,-79.5395
40.5185,-79.6522
40.4012,-79.5136
40.2172,-79.609
40.1403,-79.8445
40.5866,-79.6459
40.5999,-79.5798
40.5085,-79.6704
40.3422,-79.7251
40.2977,-79.6148
40.2719,-79.5807
40.1238,-79.5557
40.3218,-79.4121
40.2429,-79.5758
40.1879,-79.6031
40.1477,-79.8076
40.4867,-79.6752
40.3246,-79.7563
40.4981,-79.6848
40.3127,-79.5527
40.4027,-79.5941
40.2434,-79.7748
40.3064,-79.5749
40.1074,-79.3781
40.3054,-79.592
40.4465,-79.4186
40.3471,-79.7277
40.2002,-79.835
40.319,-79.5781
40.2855,-79.3861
40.2813,-79.5504
40.364,-79.4016
40.2223,-79.2994
40.3316,-79.707
40.3032,-79.5359
40.3519,-79.7324
40.1694,-79.811
40.3366,-79.7457
40.2367,-79.622
40.2769,-79.3782
40.3515,-79.5279
40.2675,-79.568
40.2388,-79.4627
40.2125,-79.4977
40.2027,-79.5818
40.1702,-79.4293
40.3985,-79.4226
40.3157,-79.3855
40.5903,-79.7125
40.332,-79.6361
40.2131,-79.7803
40.2455,-79.2448
40.199,-79.8389
40.5081,-79.6056
40.2984,-79.729
40.3105,-79.601
40.5617,-79.5684
40.1529,-79.7747
40.5795,-79.7645
40.1431,-79.8406
40.1524,-79.3311
40.2373,-79.8056
40.3178,-79.379
40.285,-79.4322
40.1136,-79.6016
40.2956,-79.5651
40.3247,-79.578
40.3037,-79.4245
40.2887,-79.6116
40.1958,-79.6852
40.2535,-79.262
40.2227,-79.2986
40.1406,-79.8909
40.3482,-79.6066
40.2498,-79.6935
,
40.2871,-79.5498
40.2873,-79.373
40.3241,-79.6098
40.3064,-79.5475
40.3185,-79.6824
40.3222,-79.6168
40.2889,-79.5284
40.3161,-79.6244
40.2501,-79.2183
40.3269,-79.7151
40.4271,-79.6985
40.2195,-79.6395
40.1341,-79.862
40.2865,-79.5697
40.3322,-79.7459
40.5703,-79.761
40.4544,-79.6206
40.4125,-79.6309
40.3166,-79.6863
40.1938,-79.1604
40.3049,-79.584
40.1366,-79.843
40.5147,-79.6073
40.3453,-79.7645
40.4676,-79.6586
40.5926,-79.743
40.298,-79.559
40.2192,-79.6025
,
40.2541,-79.6424
40.335,-79.6101
40.2749,-79.5493
40.3178,-79.6854
40.2027,-79.8372
40.5987,-79.687
40.2879,-79.5567
40.2627,-79.5656
40.2871,-79.5317
40.2451,-79.4637
40.5772,-79.5938
40.6286,-79.6466
40.5596,-79.7622
40.2003,-79.8353
40.3456,-79.7647
40.3096,-79.5
40.318,-79.521
40.2103,-79.701
40.3108,-79.5472
40.211,-79.7882
,
40.4101,-79.6969
40.286,-79.5334
40.4161,-79.4215
40.2221,-79.6046
40.2245,-79.6068
40.3485,-79.6874
40.3212,-79.6941
40.323,-79.7687
40.3549,-79.6086
40.5114,-79.6483
40.3116,-79.7003
40.1845,-79.8122
40.3093,-79.5068
,
40.3834,-79.6785
40.2922,-79.341
40.3046,-79.5082
40.1841,-79.8485
40.3663,-79.6747
40.3128,-79.3734
40.3422,-79.5857
40.1289,-79.4079
40.1508,-79.4294
,
40.301,-79.5541
40.102,-79.5951
40.1968,-79.5995
40.2856,-79.6673
40.3294,-79.6812
40.5857,-79.5973
40.3362,-79.5526
40.2603,-79.5709
40.1463,-79.3212
40.6228,-79.6059
40.5857,-79.7562
40.3063,-79.7268
40.2437,-79.4594
40.2772,-79.5987
40.3028,-79.5147
40.2845,-79.4284
40.1429,-79.8196
40.5519,-79.5891
40.5862,-79.7542
40.2435,-79.2373
40.1938,-79.1602
40.4113,-79.5103
40.3501,-79.7316
40.3423,-79.725
40.3459,-79.5723
40.1263,-79.5495
40.2517,-79.4619
40.2637,-79.5648
40.1218,-79.5585
40.1566,-79.8246
40.306,-79.714
40.2829,-79.4054
40.2394,-79.6947
40.3991,-79.5797
40.3613,-79.6665
40.4241,-79.666
40.2843,-79.7262
40.5348,-79.5947
40.3623,-79.772
40.5001,-79.6813
40.4425,-79.7029
40.569,-79.7312
40.3237,-79.5166
40.3939,-79.5952
40.303,-79.5063
40.1542,-79.7755
40.5549,-79.7587
40.3296,-79.7343
40.3926,-79.6439
40.3935,-79.5847
40.4278,-79.6981
40.3284,-79.7453
40.3317,-79.7097
40.583,-79.7668
40.3238,-79.309
40.2874,-79.5564
40.1512,-79.5919
40.2828,-79.5268
40.2248,-79.6654
40.2264,-79.6097
40.3069,-79.5982
40.3158,-79.6935
40.2486,-79.2235
40.579,-79.7539
40.2413,-79.7768
40.1598,-79.764
40.1838,-79.5302
40.5951,-79.6109
40.4777,-79.64
,
40.3566,-79.6834
40.2866,-79.5326
40.2885,-79.4559
40.3598,-79.4581
40.4971,-79.6718
40.2872,-79.6317
40.2868,-79.3767
40.3027,-79.578
40.5031,-79.6777
40.3368,-79.6069
40.325,-79.7558
40.163,-79.7832
40.1869,-79.4729
40.1061,-79.24
40.4487,-79.6535
40.587,-79.7632
40.3083,-79.5766
40.2333,-79.494
40.2977,-79.6148
40.4155,-79.614
40.143,-79.8414
40.3388,-79.6349
40.3064,-79.5749
40.3111,-79.5319
40.3086,-79.5437
40.2851,-79.3111
40.3361,-79.7453
40.3274,-79.7196
40.3117,-79.4899
40.1681,-79.5317
40.3123,-79.6656
40.3216,-79.5777
40.4503,-79.4199
40.3943,-79.4179
40.1814,-79.7108
40.1341,-79.8633
40.5776,-79.6829
40.592,-79.5717
40.5796,-79.7656
40.2867,-79.4438
40.1302,-79.5676
40.2832,-79.5165
40.2487,-79.4479
40.1517,-79.5369
40.2881,-79.5701
40.2133,-79.7232
40.1099,-79.5852
40.2283,-79.6128
40.3279,-79.7375
40.5467,-79.7319
40.3104,-79.623
40.2142,-79.6415
40.3023,-79.5525
40.3001,-79.3713
40.3073,-79.5956
40.577,-79.59
40.4175,-79.6473
40.2728,-79.4938
40.3123,-79.5793
40.1836,-79.1423
40.6378,-79.6552
40.551,-79.6611
40.2142,-79.6059
40.5975,-79.5731
40.3082,-79.7097
40.3384,-79.7066
40.319,-79.6882
40.5987,-79.5657
40.3222,-79.4106
40.1893,-79.851
40.1851,-79.8329
40.2443,-79.5912
40.2092,-79.6055
40.6225,-79.6389
40.4043,-79.5413
40.1323,-79.7287
40.2609,-79.6443
40.326,-79.695
40.2087,-79.6054
40.3259,-79.6949
40.3621,-79.668
40.5763,-79.7501
40.1586,-79.7783
40.6014,-79.6786
40.2583,-79.1513
40.5195,-79.4824
40.1577,-79.8563
40.1249,-79.5565
40.1746,-79.7477
40.3643,-79.6393
40.2027,-79.8372
40.5843,-79.705
40.1346,-79.5481
40.3096,-79.5123
40.3111,-79.5319
40.3488,-79.575
40.3384,-79.7485
,
40.3272,-79.6982
40.3151,-79.6502
40.3231,-79.6155
40.2637,-79.5648
40.5633,-79.7101
40.3809,-79.6985
40.3171,-79.6837
40.2931,-79.726
40.1332,-79.5482
40.2844,-79.6659
40.5655,-79.5695
40.3116,-79.6782
40.3391,-79.75
40.4625,-79.6472
40.5869,-79.7494
40.2694,-79.5398
40.3263,-79.651
40.1135,-79.3898
40.3225,-79.5698
40.1263,-79.5495
40.2038,-79.7602
40.1359,-79.843
40.3034,-79.5385
40.5983,-79.6076
40.3213,-79.6943
40.3524,-79.4673
40.1685,-79.5894
40.3157,-79.3332
40.4272,-79.6846
40.1595,-79.8212
40.4243,-79.6669
40.2267,-79.7284
40.4224,-79.6616
40.3034,-79.555
40.3296,-79.7343
40.3268,-79.7533
40.1582,-79.5672
40.1396,-79.8546
40.3345,-79.744
40.3489,-79.6413
40.5669,-79.7412
40.3012,-79.5504
40.2957,-79.5557
40.3076,-79.3644
40.2856,-79.437
40.6101,-79.6136
40.3031,-79.5329
40.3014,-79.7279
40.3207,-79.7128
40.3892,-79.568
40.3956,-79.4403
40.1452,-79.8388
40.3374,-79.3011
40.1283,-79.8187
40.3026,-79.5432
40.1907,-79.8275
40.2584,-79.3054
40.2849,-79.3901
40.3243,-79.3075
40.3107,-79.6192
40.2332,-79.5836
40.4715,-79.5315
40.3222,-79.6873
40.2854,-79.5892
40.2582,-79.4784
40.3292,-79.4892
40.3028,-79.3365
40.1872,-79.5442
40.2269,-79.427
40.1763,-79.5005
40.2234,-79.6056
40.2381,-79.6239
40.3968,-79.6931
40.3923,-79.6883
40.5077,-79.682
40.34,-79.7537
40.3207,-79.3386
40.1779,-79.6295
40.4181,-79.6255
40.2737,-79.5554
40.1296,-79.8678
40.3193,-79.452
40.3771,-79.6241
40.5987,-79.568
40.395,-79.6336
40.5877,-79.7466
40.2888,-79.448
40.3843,-79.5706
40.4267,-79.5765
40.4888,-79.4614
40.1294,-79.5535
40.2052,-79.3938
40.1471,-79.53
40.3401,-79.7544
40.3665,-79.3156
40.3311,-79.6885
40.3186,-79.6787
40.4067,-79.7184
40.3463,-79.6568
40.3382,-79.6259
40.3414,-79.7579
40.3055,-79.5443
40.2758,-79.5546
40.3551,-79.6511
40.4102,-79.5725
40.2415,-79.5813
40.5754,-79.7422
40.3256,-79.7136
40.3362,-79.5526
40.216,-79.6132
40.3997,-79.6895
40.5795,-79.7492
40.367,-79.4651
40.4122,-79.3834
40.4838,-79.4545
40.4002,-79.5095
40.4029,-79.5228
40.4329,-79.5802
40.4894,-79.5985
40.1774,-79.8486
40.2879,-79.5796
40.2962,-79.4768
40.3223,-79.5362
40.2637,-79.5648
40.5998,-79.5673
40.4273,-79.6937
40.5683,-79.733
40.3551,-79.6511
40.4044,-79.4227
40.1658,-79.7451
40.204,-79.7597
40.3761,-79.6747
40.3026,-79.5434
40.143,-79.8644
40.389,-79.7247
40.3164,-79.6819
40.2803,-79.5035
40.2912,-79.3837
40.1565,-79.7718
40.137,-79.8423
40.3617,-79.4712
40.2612,-79.705
40.3671,-79.661
40.3494,-79.7671
40.2865,-79.4424
40.4172,-79.3707
40.398,-79.4217
40.5126,-79.5233
40.3551,-79.6511
40.2633,-79.3151
40.3198,-79.6162
40.3059,-79.5434
,
40.2429,-79.5758
40.2535,-79.5493
40.2869,-79.5318
40.3113,-79.53
40.313,-79.4901
40.3024,-79.5188
40.3716,-79.6785
40.2055,-79.5669
40.4271,-79.701
40.3217,-79.4248
40.3015,-79.5047
40.2496,-79.6915
40.2793,-79.3089
40.2787,-79.6423
40.3691,-79.5338
40.47,-79.5904
40.3272,-79.7176
40.6164,-79.6243
40.433,-79.4978
40.3905,-79.4423
40.4163,-79.5695
40.3244,-79.6244
40.3158,-79.6935
40.6155,-79.6257
40.5108,-79.6534
40.3089,-79.5389
40.3388,-79.7494
40.1918,-79.6177
40.2966,-79.3625
40.3805,-79.4169
40.1954,-79.7318
40.3545,-79.6493
40.3559,-79.7698
40.3495,-79.3196
40.3104,-79.3616
40.3135,-79.4902
40.3617,-79.3364
40.4075,-79.3394
40.2591,-79.6131
40.3213,-79.6807
40.3275,-79.6856
40.3332,-79.7425
40.4285,-79.7014
40.2163,-79.6315
40.2928,-79.5438
40.43,-79.6978
40.307,-79.5392
40.3573,-79.7374
40.3112,-79.4899
40.2877,-79.5615
40.3464,-79.6372
40.2904,-79.464
40.1769,-79.3225
40.2869,-79.5318
40.1999,-79.6887
40.2658,-79.6624
,
40.3015,-79.4925
40.6066,-79.672
40.4635,-79.6391
40.5019,-79.6771
40.15,-79.9
40.1853,-79.695
40.5454,-79.7005
40.2925,-79.5417
40.3352,-79.7662
40.1509,-79.4295
40.142,-79.4173
40.5391,-79.6459
40.2632,-79.7081
40.1053,-79.2387
40.3174,-79.6841
40.2219,-79.7017
40.3068,-79.4749
40.3285,-79.7288
40.3076,-79.5716
40.3067,-79.6549
40.3925,-79.6884
40.3275,-79.7194
40.4514,-79.5864
40.3285,-79.7166
40.137,-79.8429
40.3359,-79.7451
40.5877,-79.7466
40.5521,-79.6977
40.2982,-79.523
40.4271,-79.7008
40.2506,-79.2252
40.254,-79.571
40.3981,-79.5719
40.2789,-79.173
40.1973,-79.8303
40.1074,-79.3783
40.3141,-79.4748
40.2077,-79.6765
,
40.2524,-79.5716
40.3458,-79.4913
40.4079,-79.6118
40.5214,-79.6965
40.2466,-79.246
40.2911,-79.4658
40.2858,-79.3223
40.3095,-79.5989
40.3162,-79.3281
40.1718,-79.5023
40.5627,-79.7487
40.1227,-79.5505
40.406,-79.717
40.2448,-79.2406
40.5843,-79.705
40.2631,-79.2704
40.5981,-79.7276
40.2443,-79.5912
40.3061,-79.3649
40.137,-79.8429
40.3519,-79.3751
40.2093,-79.3956
40.1263,-79.5495
40.2399,-79.4518
40.303,-79.5063
40.1384,-79.8426
40.3064,-79.5749
40.4232,-79.6944
40.3334,-79.7429
40.2857,-79.5142
40.3024,-79.5188
40.5683,-79.7524
40.3288,-79.736
40.3195,-79.6898
40.3054,-79.7268
40.3021,-79.5229
40.2335,-79.6869
40.573,-79.5672
40.4106,-79.3926
40.1431,-79.8652
,
40.2235,-79.6057
40.3182,-79.3836
40.5477,-79.7332
40.3972,-79.713
40.2876,-79.3715
40.2155,-79.3562
40.18,-79.6375
40.1431,-79.4847
40.3393,-79.7506
40.389,-79.7247
40.6027,-79.5617
40.319,-79.6882
40.3723,-79.6847
40.5649,-79.7685
40.4035,-79.5969
40.3896,-79.7274
40.3086,-79.5977
40.1062,-79.3747
40.3105,-79.6011
40.3336,-79.3734
40.4334,-79.2839
40.2252,-79.7592
40.5683,-79.7524
40.6187,-79.6188
40.3109,-79.6175
40.3072,-79.4035
40.3092,-79.3634
40.6125,-79.6207
40.2783,-79.6338
40.4304,-79.5619
40.4211,-79.6206
40.3701,-79.5551
40.3616,-79.6791
40.2956,-79.5556
40.2587,-79.4546
40.1415,-79.5589
40.3277,-79.7209
40.3036,-79.3692
40.1761,-79.6236
40.2155,-79.5915
40.2848,-79.4615
40.421,-79.4174
40.3307,-79.7395
40.2958,-79.3975
40.3135,-79.4902
40.2398,-79.5779
40.3055,-79.5783
40.4102,-79.5725
40.2932,-79.5416
40.339,-79.7501
40.2806,-79.4753
40.5765,-79.7503
40.3185,-79.6824
40.4037,-79.5287
40.4428,-79.4319
40.5633,-79.768
40.2651,-79.2867
40.2204,-79.6055
40.1649,-79.6389
40.1734,-79.8204
40.318,-79.3867
40.2867,-79.3189
40.5681,-79.767
40.3097,-79.5468
40.3779,-79.0759
40.2654,-79.563
40.1668,-79.6023
40.3515,-79.7452
40.1725,-79.3107
40.2955,-79.394
40.1234,-79.4127
40.3223,-79.3561
40.5852,-79.7088
40.286,-79.3822
40.2588,-79.7474
40.3203,-79.3807
40.2443,-79.2365
40.1887,-79.7964
40.5949,-79.5815
40.295,-79.5427
40.5987,-79.687
40.4663,-79.5896
40.3123,-79.5793
40.3038,-79.3356
40.307,-79.5754
40.5695,-79.7625
40.4159,-79.5906
40.3279,-79.7375
40.1568,-79.8241
40.3379,-79.4409
40.1344,-79.5927
40.1401,-79.8374
40.3836,-79.6786
40.1909,-79.1547
40.3297,-79.6086
40.1869,-79.818
40.6004,-79.7067
40.3324,-79.7416
40.4378,-79.7011
40.2421,-79.5028
40.231,-79.7946
40.3108,-79.5333
40.2849,-79.3901
40.3015,-79.4179
40.2131,-79.4767
40.3072,-79.6739
40.2949,-79.4022
40.3845,-79.7083
40.32,-79.7456
40.4694,-79.6898
40.5918,-79.6024
40.4257,-79.6737
40.3474,-79.6383
40.2844,-79.3936
40.164,-79.6249
40.1392,-79.8424
40.6161,-79.6269
40.4095,-79.2643
40.2216,-79.5993
40.3597,-79.7704
40.574,-79.5691
40.5371,-79.5935
40.5543,-79.5895
40.3253,-79.6374
40.2436,-79.5764
40.2864,-79.548
40.1755,-79.6176
40.3631,-79.6788
40.5582,-79.76
40.1584,-79.7783
40.2455,-79.2448
40.3348,-79.7097
40.3361,-79.7453
40.3214,-79.6946
40.4116,-79.5714
40.4328,-79.6944
40.5746,-79.7581
40.3172,-79.6838
40.4194,-79.6937
40.3101,-79.6004
40.2871,-79.5318
40.161,-79.7611
40.2187,-79.6856
40.1814,-79.8485
40.5749,-79.7661
40.2179,-79.6077
40.4195,-79.6537
40.1546,-79.5604
40.1457,-79.8149
40.1339,-79.8628
40.4438,-79.6684
,
40.3024,-79.5267
40.2821,-79.55
40.304,-79.7272
40.5964,-79.629
40.5593,-79.7598
40.3569,-79.4722
40.2994,-79.5776
40.419,-79.5078
40.4285,-79.7014
40.3999,-79.6894
40.6558,-79.6682
40.3174,-79.6733
40.5789,-79.768
40.3262,-79.7132
40.5919,-79.7322
40.1258,-79.5514
40.2219,-79.6634
40.3075,-79.5759
40.1869,-79.4728
40.2772,-79.4832
40.4227,-79.6623
40.5799,-79.719
40.4195,-79.6537
40.2969,-79.5394
40.303,-79.5322
40.3542,-79.6489
40.3046,-79.5082
40.1412,-79.4158
40.427,-79.6833
40.5118,-79.6473
40.2936,-79.5415
40.2536,-79.4083
40.5633,-79.768
,
40.3164,-79.6819
40.3492,-79.6421
40.3015,-79.5563
40.3613,-79.6328
40.5706,-79.575
40.5665,-79.7641
40.2009,-79.836
40.3389,-79.6263
40.59,-79.7379
40.1588,-79.872
40.5156,-79.6895
40.2426,-79.577
40.2915,-79.3412
40.2695,-79.4043
40.0686,-79.288
40.4054,-79.7152
40.3194,-79.3457
40.1067,-79.3758
40.2315,-79.709
40.2995,-79.394
40.279,-79.6102
40.3036,-79.5397
40.5045,-79.6765
40.3185,-79.6824
40.5599,-79.7594
40.5349,-79.6493
40.5272,-79.5988
40.5137,-79.6451
40.6005,-79.5813
40.5962,-79.5872
40.5246,-79.7007
40.3063,-79.5652
40.2075,-79.5722
40.1509,-79.4295
40.2041,-79.5638
40.2107,-79.7779
40.1983,-79.2346
40.4028,-79.4102
40.5396,-79.7214
40.3172,-79.6839
40.4,-79.6116
40.4136,-79.5724
40.3276,-79.7013
40.3549,-79.6086
40.3171,-79.3822
40.6061,-79.6042
40.1392,-79.8433
40.258,-79.2052
40.3034,-79.5384
40.2229,-79.5976
40.4357,-79.5088
40.4,-79.5833
40.5121,-79.5245
40.3206,-79.5465
40.3223,-79.5779
40.2124,-79.4095
40.568,-79.7644
40.3663,-79.3641
40.3708,-79.3198
40.2863,-79.3799
40.2534,-79.6991
40.2653,-79.719
40.5221,-79.4987
40.5403,-79.5476
40.4214,-79.3448
40.404,-79.5986
40.3042,-79.7233
40.2635,-79.2742
40.2255,-79.3116
40.288,-79.4525
40.289,-79.4585
40.5467,-79.7319
40.5735,-79.5692
40.3314,-79.7404
40.5758,-79.5705
40.4054,-79.7152
40.3228,-79.5816
40.4435,-79.582
40.1596,-79.8654
40.217,-79.6719
40.2971,-79.5218
40.2107,-79.7481
40.4285,-79.7006
40.3424,-79.76
40.5627,-79.7633
40.4284,-79.6978
40.2841,-79.4452
40.1027,-79.5943
40.1038,-79.5901
40.0984,-79.5881
40.5656,-79.7638
40.0977,-79.5938
40.3033,-79.5456
40.2736,-79.4724
40.2107,-79.7481
40.1023,-79.5926
40.0933,-79.5973
40.1028,-79.599
40.1042,-79.5851
40.3131,-79.3897
40.3137,-79.5393
40.1896,-79.8509
40.2885,-79.3875
40.3274,-79.7196
40.2958,-79.394
40.1062,-79.2401
40.2003,-79.2865
40.124,-79.5549
40.2274,-79.5909
40.0894,-79.3423
40.3241,-79.3678
40.2794,-79.5044
40.3635,-79.7735
40.399,-79.5795
40.5262,-79.4702
40.3999,-79.5829
40.3533,-79.7015
40.2615,-79.2688
40.3108,-79.6184
40.3239,-79.3723
40.2971,-79.4794
40.2119,-79.605
40.2958,-79.394
40.3135,-79.5381
40.2912,-79.355
40.107,-79.3731
40.47,-79.5904
40.5869,-79.7494
40.2615,-79.2687
40.3173,-79.6789
40.2859,-79.5275
40.1957,-79.734
40.1467,-79.8855
40.5993,-79.5629
40.3588,-79.6612
40.561,-79.7669
40.2815,-79.3075
40.2904,-79.464
40.3535,-79.5238
40.3489,-79.5303
40.1427,-79.4928
40.4995,-79.6302
40.5349,-79.6493
40.3513,-79.6474
40.3096,-79.7286
40.2209,-79.7751
40.5542,-79.6877
40.2911,-79.6476
40.3054,-79.5921
40.1896,-79.5035
,
40.2962,-79.4769
40.1546,-79.5558
40.3176,-79.5973
40.3804,-79.6154
40.4022,-79.2634
40.4412,-79.5299
40.207,-79.2609
40.3172,-79.6839
40.1757,-79.6201
40.3113,-79.3293
40.3218,-79.7139
40.4105,-79.6203
40.2172,-79.6313
40.1303,-79.8754
40.2162,-79.6163
40.3033,-79.5364
40.1864,-79.8398
40.3663,-79.6747
40.6012,-79.5855
40.3037,-79.5436
40.2988,-79.5564
40.1449,-79.5171
40.2133,-79.616
40.2814,-79.5458
40.1479,-79.8614
40.1367,-79.3513
40.2601,-79.7204
40.395,-79.5697
40.4894,-79.4541
40.1125,-79.3899
40.129,-79.292
40.1246,-79.3016
40.3304,-79.6189
40.1073,-79.3777
40.2371,-79.7766
40.3017,-79.4763
40.326,-79.7361
40.4046,-79.7115
40.2235,-79.6057
40.4701,-79.5902
40.3198,-79.3857
40.204,-79.7606
40.427,-79.7009
40.1848,-79.8405
40.3315,-79.7714
40.2967,-79.4778
40.5806,-79.6423
40.5871,-79.6484
40.1715,-79.5619
40.2327,-79.8032
40.1238,-79.5556
40.1847,-79.4606
40.3202,-79.3494
40.3721,-79.5443
40.3985,-79.4221
40.313,-79.6785
40.3302,-79.7372
40.3036,-79.5396
40.4881,-79.6118
40.3145,-79.7236
40.5022,-79.6046
40.2904,-79.464
40.4922,-79.6922
40.3623,-79.772
40.6131,-79.6214
40.3306,-79.7384
40.65,-79.6603
40.3002,-79.5435
40.2575,-79.1647
40.4289,-79.5128
40.3985,-79.4221
40.5505,-79.6678
40.5676,-79.748
40.1595,-79.8648
40.2486,-79.2496
40.4042,-79.5992
40.6424,-79.6755
40.2904,-79.4641
40.123,-79.3998
40.4819,-79.5908
40.2945,-79.5546
40.2079,-79.6197
40.1453,-79.5916
40.3072,-79.5389
40.5683,-79.7524
40.2897,-79.3711
,
40.1807,-79.6136
40.3489,-79.2848
40.3235,-79.365
40.1222,-79.5506
40.2114,-79.663
40.287,-79.5467
40.6126,-79.6052
40.5795,-79.7584
40.1552,-79.7757
40.1753,-79.5084
40.4247,-79.6998
40.3113,-79.6194
40.2857,-79.3163
40.3989,-79.5616
40.1429,-79.8408
40.3375,-79.7466
40.2116,-79.584
40.2885,-79.3706
40.2952,-79.4746
40.279,-79.4792
40.3299,-79.709
40.3185,-79.6824
40.6146,-79.6198
40.3296,-79.6047
40.2547,-79.2141
40.588,-79.7208
40.2263,-79.5856
40.2637,-79.5648
40.1547,-79.5617
40.489,-79.4604
40.5286,-79.5219
40.1822,-79.8047
40.3378,-79.6922
40.2647,-79.6549
40.3057,-79.5774
40.2766,-79.5286
40.1306,-79.8644
40.2595,-79.7299
40.2645,-79.4569
40.4125,-79.2469
40.1761,-79.6236
40.2499,-79.2465
40.3677,-79.6777
40.3995,-79.4198
40.3677,-79.6777
40.4195,-79.6537
40.4125,-79.6307
,
40.5779,-79.5694
40.3809,-79.5729
40.6225,-79.6389
40.3465,-79.7264
40.3844,-79.6392
40.4458,-79.68
40.2995,-79.5433
40.5768,-79.6193
40.2701,-79.5347
40.3063,-79.5652
40.303,-79.5039
40.285,-79.7044
40.2013,-79.8344
40.3402,-79.7543
40.2874,-79.3729
40.3458,-79.5777
40.32,-79.3693
40.1526,-79.7745
40.283,-79.2422
40.3515,-79.6476
40.139,-79.8424
40.3288,-79.6831
40.2117,-79.4098
40.2624,-79.6196
40.3388,-79.7494
40.3108,-79.5472
40.307,-79.3754
40.3112,-79.6073
40.1545,-79.4328
40.286,-79.617
40.2833,-79.4876
40.0681,-79.2724
40.1505,-79.2819
40.1697,-79.5964
40.2321,-79.4211
40.4609,-79.6983
40.2036,-79.8371
40.3295,-79.7343
40.3131,-79.485
40.3218,-79.5656
40.3191,-79.3619
40.3084,-79.3313
40.3106,-79.614
40.3064,-79.5749
40.3194,-79.3457
40.3147,-79.6756
40.1601,-79.8806
40.3296,-79.7332
40.4894,-79.5985
40.5329,-79.5957
40.3046,-79.5082
40.2857,-79.3846
40.1389,-79.6459
40.4283,-79.6965
40.2263,-79.3756
40.5548,-79.765
40.4435,-79.582
40.5999,-79.6803
40.2956,-79.5653
40.555,-79.7095
40.3296,-79.7343
40.5648,-79.755
40.2635,-79.2763
40.5676,-79.7537
40.298,-79.5427
40.5649,-79.7685
40.4095,-78.9927
40.3062,-79.5757
40.5856,-79.7104
40.311,-79.756
40.399,-79.5795
40.1392,-79.8424
40.2678,-79.2381
40.3067,-79.7121
40.43,-79.6978
40.269,-79.189
40.4271,-79.7009
40.3031,-79.5339
40.1375,-79.6286
40.3347,-79.3173
40.3069,-79.5053
40.2939,-79.5702
40.13,-79.8748
40.427,-79.7009
40.6031,-79.5568
40.3224,-79.4093
40.3833,-79.3918
40.4028,-79.4102
40.3026,-79.5282
40.3955,-79.6225
40.1483,-79.5434
40.5903,-79.6965
40.3635,-79.7735
40.3513,-79.5286
40.1115,-79.5698
40.2718,-79.3688
40.2051,-79.7535
40.1321,-79.8438
40.1079,-79.3821
40.1079,-79.3821
40.2965,-79.5597
40.3987,-79.4218
40.3817,-79.5725
40.3137,-79.6714
40.3229,-79.3117
40.3152,-79.3951
40.2849,-79.3901
40.1752,-79.6164
40.3542,-79.1181
40.1258,-79.5514
40.5949,-79.6741
40.3008,-79.5523
40.3112,-79.661
40.3117,-79.3768
40.3147,-79.6756
40.2194,-79.7137
40.49,-79.6943
40.1419,-79.5095
40.3104,-79.6264
40.2998,-79.4874
40.3542,-79.6516
40.1458,-79.8967
40.1266,-79.4288
40.2408,-79.4808
40.215,-79.6063
40.3054,-79.6734
40.2332,-79.6198
40.1362,-79.8436
40.3034,-79.5393
40.6061,-79.6042
40.1104,-79.5722
40.1864,-79.5323
40.3551,-79.6509
40.4243,-79.6669
40.2649,-79.2278
40.2867,-79.3191
40.3194,-79.3457
40.3147,-79.6756
40.5849,-79.7572
40.1583,-79.8218
40.3488,-79.555
40.2059,-79.6219
40.4047,-79.5386
40.3292,-79.6078
40.4636,-79.589
40.257,-79.1846
40.4294,-79.6977
40.3387,-79.7491
40.2963,-79.5201
40.3008,-79.5463
40.1605,-79.8824
40.1615,-79.884
40.2971,-79.4794
40.1513,-79.7737
40.2116,-79.6008
40.3443,-79.5052
40.2126,-79.725
40.1887,-79.7008
40.2514,-79.2224
40.3187,-79.5978
40.3976,-79.4606
40.4213,-79.3438
40.4054,-79.4049
40.3125,-79.7809
40.2975,-79.5228
40.2737,-79.5231
40.134,-79.8564
40.3098,-79.3724
40.3943,-79.5842
40.491,-79.4845
40.5739,-79.7697
40.2728,-79.4938
40.6161,-79.6269
40.3238,-79.7345
40.2904,-79.464
40.3015,-79.4925
40.2599,-79.2011
40.2127,-79.7934
40.3537,-79.5982
40.5854,-79.7096
40.3791,-79.6895
40.5877,-79.7466
40.6061,-79.6042
40.2618,-79.6463
40.3378,-79.3349
40.2794,-79.5274
40.5138,-79.5496
40.1543,-79.7786
40.2845,-79.3936
40.3551,-79.6511
40.2651,-79.4855
40.3252,-79.3739
40.3759,-79.6765
40.3388,-79.6766
40.2191,-79.6027
40.1991,-79.8309
40.4271,-79.6985
40.5806,-79.7587
40.3933,-79.1578
40.1701,-79.5592
40.3285,-79.7076
40.2599,-79.1465
40.3288,-79.5975
40.323,-79.3113
40.4049,-79.5364
40.3677,-79.6777
40.1291,-79.8453
40.4252,-79.6705
40.3015,-79.5198
40.3663,-79.3137
40.1236,-79.4132
40.2863,-79.3799
40.1931,-79.687
40.2171,-79.6113
40.6061,-79.6042
40.3033,-79.5364
40.1183,-79.376
40.405,-79.7134
40.3169,-79.5481
40.5647,-79.7459
40.2649,-79.4168
40.1445,-79.5149
40.3393,-79.5777
40.5607,-79.7029
40.3108,-79.5472
40.289,-79.394
40.2405,-79.3991
40.6089,-79.6688
40.3545,-79.6493
40.3107,-79.6193
40.181,-79.5653
40.5879,-79.7468
40.2742,-79.6018
40.2089,-79.7728
40.5866,-79.765
40.3955,-79.6225
40.5869,-79.7494
40.6177,-79.621
40.3551,-79.6511
40.4273,-79.6937
40.0799,-79.3551
40.38,-79.6754
40.3376,-79.3726
40.3348,-79.3416
40.3226,-79.3127
40.3171,-79.5217
40.1199,-79.5621
40.068,-79.2702
40.1594,-79.8718
40.2835,-79.5403
40.5718,-79.7642
40.1389,-79.8526
40.2984,-79.3998
40.3591,-79.6757
40.2858,-79.3178
40.2731,-79.5522
40.2721,-79.5528
40.3784,-79.0723
40.2255,-79.3684
40.4072,-79.4246
40.5022,-79.4653
40.4008,-79.4158
40.3062,-79.5998
40.1797,-79.8317
40.1726,-79.7983
40.1784,-79.546
40.2284,-79.6116
40.4359,-79.5816
40.1332,-79.7441
40.4653,-79.6075
40.1355,-79.8459
40.143,-79.8414
40.2869,-79.5845
40.6089,-79.6108
40.16,-79.5995
40.1369,-79.5496
40.2859,-79.5275
40.3227,-79.5703
40.1361,-79.8437
40.303,-79.5474
40.3498,-79.7674
40.1515,-79.9005
40.251,-79.7768
40.1599,-79.8589
40.5835,-79.758
40.5573,-79.7541
40.3979,-79.4678
40.1907,-79.8207
40.2103,-79.4059
40.1789,-79.8042
40.3375,-79.7466
40.3031,-79.5049
40.3071,-79.5755
40.2086,-79.5587
40.3873,-79.1516
40.2646,-79.5642
40.288,-79.3549
40.3109,-79.3602
40.2729,-79.4673
40.1798,-79.6538
40.156,-79.7731
40.3271,-79.7166
40.5367,-79.6601
40.3618,-79.6052
40.5899,-79.6001
40.3079,-79.5966
40.2666,-79.3946
40.1698,-79.4284
40.2962,-79.5199
40.2399,-79.4518
40.3122,-79.3771
40.2443,-79.5912
40.1259,-79.4041
40.2235,-79.6057
40.3296,-79.7343
40.2875,-79.7232
40.29,-79.5449
40.3172,-79.6839
40.2863,-79.5478
40.3123,-79.6178
40.2591,-79.7688
40.3233,-79.6994
40.4264,-79.6791
40.1332,-79.8616
40.499,-79.6832
40.2852,-79.314
40.3754,-79.4579
40.4157,-79.3744
40.389,-79.7247
40.2735,-79.1801
40.2424,-79.5785
40.2353,-79.5822
40.3228,-79.5323
40.359,-79.5231
40.3049,-79.5451
40.2958,-79.394
40.3108,-79.6184
40.151,-79.5918
40.2828,-79.5268
40.4273,-79.6939
40.3027,-79.5172
40.4433,-79.4316
40.1088,-79.3802
40.0999,-79.3627
40.1754,-79.6175
40.3226,-79.3127
40.4538,-79.4244
40.3499,-79.6864
40.3296,-79.7332
40.2542,-79.571
40.2859,-79.5275
40.2853,-79.3937
40.3219,-79.4591
40.1998,-79.623
40.2545,-79.5898
40.3055,-79.5783
40.2928,-79.3328
40.236,-79.5817
40.2329,-79.5829
40.1776,-79.8055
40.2957,-79.3721
40.4283,-79.6965
40.2938,-79.5538
40.1249,-79.5565
40.2941,-79.4718
40.3377,-79.3727
40.2853,-79.5482
40.3288,-79.616
40.5827,-79.7436
40.3269,-79.5463
40.2841,-79.5423
40.1566,-79.8246
40.3975,-79.7109
40.2952,-79.7563
40.2801,-79.6151
40.1835,-79.8488
40.5901,-79.7264
40.609,-79.6107
40.3209,-79.6931
40.4431,-79.6679
40.2844,-79.3936
40.1929,-79.6356
40.354,-79.6479
40.3286,-79.709
40.6177,-79.621
40.594,-79.745
40.4029,-79.7063
40.3188,-79.6828
40.3394,-79.3879
40.2683,-79.2939
40.1654,-79.7329
40.1515,-79.7917
40.1478,-79.8446
40.5871,-79.6193
40.4273,-79.6957
40.3983,-79.4219
40.5634,-79.7581
40.3668,-79.6141
40.2844,-79.3936
40.3072,-79.6739
40.4054,-79.6338
40.3202,-79.3836
40.1869,-79.818
40.6289,-79.5934
40.3396,-79.3148
40.3376,-79.4416
40.2002,-79.3378
40.2912,-79.3344
40.3255,-79.5826
40.1547,-79.777
40.211,-79.1962
40.2548,-79.1737
40.3287,-79.6022
40.3113,-79.3805
40.243,-79.4577
40.2955,-79.5571
40.3247,-79.578
40.1736,-79.3143
40.25,-79.6412
40.4636,-79.589
40.2428,-79.5759
40.4902,-79.6975
40.4211,-79.6365
40.4377,-79.7011
40.5591,-79.6393
40.3208,-79.4416
40.2414,-79.7175
40.3975,-79.145
40.2857,-79.3163
40.1396,-79.5474
40.1078,-79.3818
40.2198,-79.4953
40.3059,-79.3938
40.1539,-79.5301
40.5096,-79.4656
40.3388,-79.7494
40.4378,-79.6636
40.3935,-79.6886
40.1523,-79.8218
40.3029,-79.5309
40.2009,-79.836
,
40.3222,-79.3152
40.4005,-79.5855
40.3428,-79.7607
40.2009,-79.836
40.2856,-79.5462
40.2958,-79.5643
40.4445,-79.575
40.4069,-79.5142
40.367,-79.6175
40.3573,-79.6567
40.2902,-79.5448
40.1259,-79.4252
40.2133,-79.616
40.5542,-79.5988
40.3847,-79.4421
40.1308,-79.8664
40.4981,-79.6848
40.2854,-79.3866
40.1537,-79.6895
40.1259,-79.4041
40.1429,-79.4189
40.3913,-79.6873
40.1527,-79.7866
40.5549,-79.7587
40.3298,-79.7322
40.4381,-79.6376
40.4187,-79.6512
40.3091,-79.5986
40.5835,-79.5772
40.2431,-79.5767
40.318,-79.5977
40.433,-79.2741
40.2971,-79.5218
40.2233,-79.6805
40.1832,-79.4542
40.2678,-79.7451
40.2828,-79.5268
40.4095,-79.2643
40.1099,-79.3848
40.1546,-79.5558
40.4036,-79.5278
40.3331,-79.7424
40.3551,-79.6511
40.3152,-79.3951
40.222,-79.5988
40.6,-79.6098
40.2639,-79.7108
40.2141,-79.5944
40.0957,-79.5945
40.5119,-79.6474
40.2935,-79.5447
40.303,-79.547
40.3143,-79.3819
40.285,-79.514
40.2881,-79.5508
40.2897,-79.4614
40.3053,-79.5919
40.3984,-79.5712
40.44,-79.571
40.4778,-79.5985
40.5734,-79.7499
40.3639,-79.6247
40.2625,-79.2682
40.2127,-79.3553
40.3885,-79.2647
40.2093,-79.6055
40.2209,-79.6172
40.2866,-79.7256
40.2468,-79.4694
40.1737,-79.5082
40.4123,-79.2654
40.2154,-79.6195
40.427,-79.7007
40.3183,-79.7517
40.3272,-79.7172
40.1841,-79.8245
40.6061,-79.6042
40.2758,-79.5858
40.3023,-79.4977
40.1734,-79.8204
40.3341,-79.7437
40.258,-79.5696
40.3049,-79.5844
40.2516,-79.6414
40.3013,-79.5391
40.2796,-79.5514
40.1559,-79.7733
40.1078,-79.222
40.2562,-79.2631
40.5502,-79.7439
40.5245,-79.7006
40.3285,-79.7077
40.3701,-79.6442
40.5706,-79.575
40.2026,-79.7663
40.294,-79.6691
40.2844,-79.3936
40.4159,-79.5917
40.5801,-79.712
40.4284,-79.6978
40.4389,-79.6928
40.5278,-79.6317
40.1534,-79.7546
40.2821,-79.5502
40.4885,-79.6958
40.4272,-79.6727
40.3024,-79.5443
40.3009,-79.5532
40.2572,-79.6121
40.1093,-79.577
40.3848,-79.5201
40.3925,-79.6884
40.4036,-79.708
40.6126,-79.6637
40.4276,-79.6762
40.3105,-79.5471
40.5521,-79.6994
40.2473,-79.6369
40.3537,-79.2931
40.2588,-79.5191
40.4045,-79.5323
40.3391,-79.6687
40.334,-79.6706
40.3217,-79.5293
40.2788,-79.6427
40.5635,-79.7681
40.4158,-79.592
40.3425,-79.5206
40.4093,-79.5739
40.317,-79.3787
40.2857,-79.3846
40.2123,-79.7255
40.1402,-79.8428
40.5899,-79.6001
40.3182,-79.3836
40.5549,-79.7587
40.1513,-79.7737
40.2217,-79.2147
40.3283,-79.7455
40.328,-79.5906
40.1403,-79.8445
40.2374,-79.5808
40.5683,-79.7524
40.3091,-79.5466
40.5762,-79.7567
40.1395,-79.825
40.2839,-79.5415
40.3109,-79.6181
40.3186,-79.4563
40.2967,-79.5573
40.3623,-79.772
,
40.6011,-79.6101
40.3001,-79.3713
40.2077,-79.495
40.2809,-79.4599
40.169,-79.7326
40.4127,-79.6484
40.2597,-79.2016
40.2618,-79.2694
40.2573,-79.2629
40.4037,-79.5977
40.2971,-79.4794
40.2975,-79.3622
40.308,-79.5967
40.2791,-79.6123
40.1839,-79.5303
40.4007,-79.7014
40.3186,-79.7292
40.4138,-79.6365
40.5544,-79.7062
40.3108,-79.6091
40.3092,-79.5987
40.1216,-79.5555
40.399,-79.5795
40.4894,-79.4541
40.4875,-79.6969
40.3088,-79.371
40.1403,-79.8445
40.5447,-79.6515
40.5747,-79.7638
40.5477,-79.7331
40.3295,-79.5964
40.3239,-79.3723
40.3982,-79.5712
40.5039,-79.5048
40.5025,-79.4653
40.4705,-79.514
40.4007,-79.715
40.6061,-79.6042
40.4244,-79.6647
40.3263,-79.7105
,
40.3106,-79.6153
40.2888,-79.5286
40.1453,-79.5194
40.3825,-79.6774
40.2779,-79.5476
40.4845,-79.6732
40.3014,-79.7279
40.5725,-79.7058
40.1742,-79.6082
40.4175,-79.624
40.1553,-79.7749
40.3955,-79.6225
40.5648,-79.7626
40.5073,-79.6819
40.3164,-79.6819
40.3662,-79.6744
40.2795,-79.3633
40.5737,-79.7613
40.261,-79.567
40.5232,-79.4716
40.4048,-79.6013
40.1869,-79.818
40.427,-79.6998
40.2172,-79.6081
40.2985,-79.5429
40.4065,-79.6452
40.5651,-79.7636
40.2119,-79.3403
40.3227,-79.3615
40.3029,-79.5041
40.1068,-79.376
40.3135,-79.4902
40.2976,-79.4806
40.1643,-79.2676
40.1403,-79.8445
40.5841,-79.7575
40.5132,-79.6457
40.3208,-79.3206
40.2841,-79.3091
40.3095,-79.6414
40.1478,-79.8096
,
40.5171,-79.6077
40.2004,-79.6238
40.3503,-79.4866
40.2209,-79.3673
40.3289,-79.4912
40.2809,-79.7333
40.1101,-79.2458
40.4839,-79.6635
40.1472,-79.5301
40.3015,-79.5779
40.2354,-79.4401
40.3677,-79.6777
40.3209,-79.6931
40.2561,-79.7415
40.2666,-79.5224
40.2209,-79.6003
40.302,-79.5191
40.2998,-79.4873
40.5268,-79.6328
40.3184,-79.3811
40.3037,-79.5436
40.43,-79.6978
40.1363,-79.843
40.1638,-79.5694
40.3214,-79.7335
40.3765,-79.6857
40.2059,-79.6219
40.5124,-79.4664
40.3026,-79.5432
40.3177,-79.68
40.5272,-79.5988
40.6045,-79.599
40.3294,-79.1362
40.3595,-79.5742
40.4,-79.5833
40.3595,-79.6637
40.5943,-79.6715
40.2974,-79.3987
40.3023,-79.4977
40.2203,-79.6237
40.3207,-79.3385
40.1734,-79.608
40.3287,-79.6838
40.143,-79.5474
40.4263,-79.6703
40.3076,-79.596
40.6276,-79.679
40.5453,-79.5902
40.4125,-79.6307
40.3112,-79.6026
40.4232,-79.4125
,
40.1137,-79.5671
40.3051,-79.549
,
40.5147,-79.6448
40.2859,-79.5275
40.2957,-79.381
40.5706,-79.575
40.3272,-79.7173
40.3287,-79.6834
40.1674,-79.5786
40.1452,-79.6382
40.3251,-79.5807
40.2637,-79.5648
40.2332,-79.5836
40.1845,-79.2873
40.3531,-79.3801
,
40.183,-79.5288
40.1388,-79.4111
40.313,-79.6785
40.3277,-79.7214
40.5882,-79.7445
40.5769,-79.7379
40.5782,-79.7502
40.6115,-79.6161
40.5625,-79.7548
40.308,-79.4028
40.305,-79.5864
40.2637,-79.5648
40.177,-79.5137
40.3578,-79.6817
40.13,-79.8777
40.3237,-79.7003
40.3028,-79.5455
40.5466,-79.7318
40.2413,-79.2398
40.1325,-79.8612
40.3285,-79.6015
40.3315,-79.7406
40.5862,-79.7542
40.3186,-79.4037
40.5868,-79.6498
40.1496,-79.8035
40.3955,-79.6225
40.3989,-79.4215
40.3022,-79.5453
40.3326,-79.7453
40.4239,-79.6631
40.4225,-79.6987
40.2187,-79.7192
40.2332,-79.5836
40.2841,-79.7263
40.5321,-79.7128
40.2187,-79.2502
40.6031,-79.606
40.6112,-79.6656
40.3296,-79.7343
40.1399,-79.7763
40.5865,-79.7492
40.4097,-79.5961
40.5571,-79.761
40.3237,-79.6827
40.2683,-79.2939
40.1769,-79.7953
40.4842,-79.6646
40.1909,-79.8398
40.3051,-79.549
40.5118,-79.6473
40.4735,-79.655
40.2138,-79.6158
40.2214,-79.5923
40.417,-79.3711
40.4012,-79.5135
40.5628,-79.7551
40.313,-79.6785
40.3378,-79.6922
40.2887,-79.6116
40.3198,-79.5468
40.3431,-79.7278
40.3397,-79.7527
40.2329,-79.5829
40.3121,-79.3579
40.2119,-79.668
40.1871,-79.7056
40.3225,-79.763
40.071,-79.3447
40.2404,-79.7171
40.3106,-79.6012
40.3878,-79.4213
40.3097,-79.6325
40.3333,-79.4758
40.1566,-79.8246
40.6089,-79.6108
40.6617,-79.6767
40.4046,-79.5335
40.257,-79.1847
40.5745,-79.7585
40.2473,-79.2265
40.4958,-79.6561
40.287,-79.4448
40.3043,-79.3939
40.3094,-79.6539
40.2654,-79.5476
40.5844,-79.7371
40.4421,-79.3936
40.3991,-79.5794
40.436,-79.5816
40.4272,-79.698
40.33,-79.5466
40.5761,-79.7408
40.3283,-79.7269
40.3077,-79.3759
40.5809,-79.7577
40.1469,-79.4128
40.0684,-79.2741
40.2943,-79.5238
40.3272,-79.7182
40.5906,-79.7276
40.3328,-79.5918
40.4483,-79.5528
40.3883,-79.5198
40.3211,-79.3401
40.2618,-79.3858
40.2953,-79.5207
40.2018,-79.4939
40.1963,-79.2388
40.4076,-79.6109
40.5918,-79.7312
40.3055,-79.3654
40.1201,-79.6056
40.4267,-79.6583
40.2332,-79.5836
40.3508,-79.3796
40.2765,-79.624
40.3072,-79.5735
40.4047,-79.5386
40.4216,-79.3471
40.1073,-79.3749
40.4718,-79.5945
40.2389,-79.196
40.6014,-79.5873
40.3502,-79.3169
40.1369,-79.351
40.3325,-79.6721
40.5832,-79.6376
40.3236,-79.5459
40.3196,-79.3887
40.3135,-79.4902
40.324,-79.3085
40.3046,-79.5082
40.3082,-79.5971
40.2206,-79.6879
40.1547,-79.5617
40.2802,-79.648
40.3677,-79.6777
40.4049,-79.6014
40.3241,-79.6203
40.3252,-79.7128
40.1497,-79.5871
40.2358,-79.4095
40.3123,-79.5793
40.2103,-79.7678
40.3362,-79.5526
40.1848,-79.4612
40.5956,-79.6913
40.4125,-79.6306
40.5669,-79.7649
40.3252,-79.6187
40.3026,-79.5014
40.25,-79.6412
40.3486,-79.6873
40.4272,-79.6727
40.2125,-79.5381
40.2873,-79.3729
40.5272,-79.5988
40.2565,-79.7508
40.3622,-79.4498
40.3249,-79.579
40.3248,-79.579
40.3017,-79.5251
40.6161,-79.6269
40.2448,-79.591
40.1392,-79.6608
40.3716,-79.7543
40.142,-79.8415
40.4915,-79.6944
40.3402,-79.6042
40.3163,-79.6793
40.6022,-79.5691
40.2761,-79.5287
40.2754,-79.5824
40.2869,-79.5318
40.2891,-79.5298
40.3033,-79.5372
40.4211,-79.6577
40.2098,-79.2837
40.2969,-79.5431
40.3554,-79.5613
40.4036,-79.708
40.32,-79.6797
40.229,-79.5886
40.3043,-79.7271
40.3207,-79.3386
40.2781,-79.6331
40.2457,-79.4653
40.269,-79.5583
40.3508,-79.4835
40.1663,-79.5742
40.5548,-79.5861
40.1538,-79.5519
40.3024,-79.5267
40.3158,-79.6797
40.1385,-79.5475
40.3516,-79.3213
40.2379,-79.5804
40.3068,-79.6747
40.265,-79.6868
40.2358,-79.5808
40.4048,-79.5393
40.4029,-79.5228
40.5784,-79.7381
40.3153,-79.5484
40.4207,-79.645
40.1657,-79.7866
40.1598,-79.7793
40.2946,-79.518
40.3121,-79.6649
40.1546,-79.5602
40.5683,-79.7524
40.5528,-79.6961
40.3189,-79.6171
40.3004,-79.4181
40.4006,-79.5856
40.3492,-79.6749
40.266,-79.2891
40.2112,-79.6864
40.3341,-79.6723
40.3488,-79.575
40.5572,-79.7598
40.1284,-79.8455
40.2924,-79.3458
40.6161,-79.6263
40.5353,-79.5944
40.6193,-79.6524
40.1597,-79.8652
40.5934,-79.7493
40.1288,-79.8186
40.1354,-79.8462
40.195,-79.7302
40.6161,-79.6269
40.4205,-79.3617
40.2126,-79.7395
40.4894,-79.5985
40.5854,-79.7661
40.212,-79.7918
40.5155,-79.6894
40.1431,-79.8822
40.5476,-79.7331
40.5478,-79.7333
40.3293,-79.636
40.4159,-79.0197
40.5407,-79.6156
40.2563,-79.7212
40.3331,-79.4732
40.5705,-79.7594
40.6572,-79.6704
40.2589,-79.7514
40.3474,-79.7658
40.1429,-79.8192
40.2526,-79.3901
40.2721,-79.4946
40.2806,-79.5714
40.3039,-79.5089
40.173,-79.6105
40.2536,-79.5491
40.1392,-79.8515
40.572,-79.5936
40.5466,-79.7
40.3336,-79.6624
40.2528,-79.6423
40.2395,-79.6057
40.1619,-79.4845
40.2186,-79.6016
40.3565,-79.6827
40.5943,-79.6348
40.6452,-79.6584
40.587,-79.7491
40.1276,-79.7406
40.5014,-79.6792
40.1475,-79.7717
40.4332,-79.6984
40.3575,-79.7704
40.3314,-79.7069
40.3026,-79.5432
40.3108,-79.5472
,
40.5627,-79.7633
40.5955,-79.6062
40.3316,-79.6118
40.1378,-79.8427
40.3024,-79.527
40.3264,-79.7669
40.3035,-79.4974
40.3028,-79.5015
40.1801,-79.6348
40.3331,-79.6207
,
40.1495,-79.5435
40.1499,-79.5441
40.163,-79.7832
40.2802,-79.648
40.1667,-79.5607
40.2912,-79.5148
40.2637,-79.5648
40.3138,-79.3887
40.3044,-79.5407
40.3227,-79.3615
40.288,-79.5302
40.1445,-79.5595
40.4839,-79.4956
40.3985,-79.4221
40.3281,-79.725
40.5164,-79.6085
40.2547,-79.4681
40.1326,-79.3604
40.2856,-79.437
40.1875,-79.5688
40.5901,-79.7373
40.1916,-79.6891
40.2296,-79.7837
40.4268,-79.4905
40.4167,-79.6224
40.3039,-79.5437
40.4552,-79.6037
40.5795,-79.7121
40.3512,-79.7038
40.3863,-79.7136
40.3004,-79.5435
40.1375,-79.8428
40.4263,-79.6784
40.4105,-79.5109
40.1401,-79.7763
40.3285,-79.6015
40.5578,-79.76
40.1328,-79.7752
40.1855,-79.5679
40.3064,-79.443
40.3244,-79.7566
40.3053,-79.3938
40.1429,-79.4947
40.3928,-79.257
40.5301,-79.4666
40.2624,-79.268
40.3286,-79.7288
40.3985,-79.5635
40.3219,-79.7709
40.2947,-79.7268
40.1559,-79.7733
40.5887,-79.7553
40.5802,-79.7414
40.1871,-79.7055
40.2889,-79.5286
40.3281,-79.7045
40.5328,-79.6178
40.648,-79.6602
40.3404,-79.3753
40.1844,-79.8123
40.2964,-79.561
40.5872,-79.5777
40.4577,-79.639
40.3284,-79.7453
40.1888,-79.8395
40.3583,-79.3864
40.267,-79.5013
40.1879,-79.5443
40.3629,-79.4507
40.2049,-79.6795
40.307,-79.595
40.2606,-79.384
40.3127,-79.6541
40.2217,-79.5992
40.2193,-79.6023
40.399,-79.5795
40.404,-79.5421
40.1402,-79.8244
40.1185,-79.2694
40.2186,-79.6016
40.1204,-79.3984
40.1446,-79.422
40.1431,-79.8586
40.1841,-79.841
40.2516,-79.4197
40.2828,-79.5268
40.3217,-79.4248
40.3029,-79.5033
40.2192,-79.6025
40.2828,-79.5268
40.1388,-79.8567
40.3282,-79.7265
40.454,-79.3921
40.4331,-79.2843
40.3812,-79.7505
40.2008,-79.6024
40.1726,-79.4352
40.5523,-79.7523
40.5853,-79.7094
40.3056,-79.5777
40.1274,-79.5489
40.2337,-79.5822
40.4866,-79.4542
40.3746,-79.5733
40.3276,-79.7214
40.2142,-79.4972
40.4875,-79.6969
40.502,-79.6045
40.2849,-79.3901
40.3701,-79.4605
40.2111,-79.6607
40.4177,-79.6484
40.2692,-79.3994
40.2879,-79.5297
40.4161,-79.6002
40.2938,-79.5388
40.2258,-79.5938
40.2225,-79.5174
40.5775,-79.5851
40.4318,-79.2875
40.2948,-79.5533
40.3803,-79.6959
40.5781,-79.7502
40.2025,-79.4974
40.1093,-79.5793
40.3024,-79.5272
40.6623,-79.6783
40.4358,-79.6983
40.3758,-79.6747
40.5869,-79.7494
40.6609,-79.6748
40.4916,-79.6466
40.1164,-79.4295
40.1801,-79.5651
40.2916,-79.574
40.3111,-79.607
40.4029,-79.5228
40.3435,-79.6911
40.3393,-79.5777
40.3985,-79.4221
40.3179,-79.3865
40.3184,-79.6196
40.3188,-79.6171
40.3188,-79.6875
40.2829,-79.4046
40.306,-79.5769
40.3013,-79.5612
40.268,-79.5216
40.2629,-79.3732
40.3111,-79.6021
40.2094,-79.1889
40.6044,-79.6843
40.1389,-79.8471
40.1503,-79.545
40.297,-79.543
40.3147,-79.6963
40.3269,-79.5463
40.1011,-79.591
40.2486,-79.5503
40.2807,-79.6499
40.2837,-79.5365
40.3501,-79.5174
40.189,-79.5339
40.5959,-79.5916
40.3761,-79.6499
40.3107,-79.7014
40.3081,-79.538
40.5052,-79.5075
40.3608,-79.6656
40.2114,-79.6641
40.3086,-79.539
40.3422,-79.7161
40.1247,-79.5534
40.3112,-79.6061
40.2993,-79.5474
40.314,-79.6973
40.5879,-79.7458
40.5625,-79.7647
40.3036,-79.5629
40.1309,-79.548
40.252,-79.3627
40.427,-79.7009
40.3071,-79.5459
40.3131,-79.5382
40.218,-79.6068
40.1532,-79.7749
40.1841,-79.841
40.3232,-79.6991
40.4353,-79.5815
40.4194,-79.6531
40.1723,-79.3111
40.2747,-79.6576
40.2773,-79.7142
40.2839,-79.5398
40.5138,-79.5496
40.2539,-79.7001
40.2573,-79.5192
40.4192,-79.6527
40.4193,-79.6526
40.3944,-79.6032
40.2775,-79.6272
40.2242,-79.4767
40.303,-79.5626
40.2536,-79.7228
40.1686,-79.5913
40.5716,-79.7653
40.3046,-79.5082
40.3056,-79.3215
40.3495,-79.575
40.1451,-79.8159
40.5601,-79.7464
40.2118,-79.7729
40.5611,-79.7505
40.3408,-79.7314
40.2369,-79.4983
40.3552,-79.5746
40.2955,-79.5232
40.3757,-79.5618
40.3846,-79.6799
40.3182,-79.7519
40.2849,-79.3901
40.2443,-79.5912
40.2246,-79.6069
40.1725,-79.7982
40.4209,-79.6574
40.192,-79.3372
40.1317,-79.5339
40.2779,-79.3963
40.2169,-79.6074
40.5732,-79.6394
40.3185,-79.6824
40.3616,-79.574
40.2955,-79.5232
40.3612,-79.5792
40.5666,-79.7641
40.3551,-79.6511
40.5874,-79.7614
40.2293,-79.4301
40.1501,-79.5608
40.3009,-79.4931
40.3326,-79.7094
40.3268,-79.7144
40.4299,-79.6095
40.2952,-79.3394
40.2919,-79.3389
40.1942,-79.2705
40.3516,-79.5275
40.5108,-79.526
40.1409,-79.8213
40.4195,-79.6537
40.1513,-79.7737
40.2971,-79.4794
40.1202,-79.5897
40.2945,-79.5236
40.2798,-79.3847
40.2423,-79.2864
40.3207,-79.3386
40.1727,-79.5603
40.2967,-79.5769
40.3752,-79.5733
40.6161,-79.6269
40.1969,-79.2357
40.3158,-79.6795
40.6061,-79.6042
40.4244,-79.6674
,
40.3235,-79.5727
40.1446,-79.5062
40.5494,-79.2682
40.1996,-79.8341
40.303,-79.5323
40.1279,-79.6008
40.2399,-79.4518
40.2888,-79.5785
40.5983,-79.6076
40.359,-79.6465
40.4257,-79.6737
40.1321,-79.8621
40.2158,-79.6178
40.3674,-79.6787
40.1324,-79.8704
40.2185,-79.6047
40.3422,-79.6918
40.2969,-79.6711
40.3772,-79.6757
40.3027,-79.5028
40.3056,-79.7312
40.3056,-79.578
40.3493,-79.1267
40.308,-79.5031
40.282,-79.5408
40.3129,-79.5792
40.3332,-79.1888
40.3417,-79.3765
40.4238,-79.4121
40.3979,-79.424
40.3041,-79.5409
40.5076,-79.6725
40.3138,-79.7263
40.2682,-79.5486
40.317,-79.4884
40.5245,-79.5742
40.3279,-79.7375
40.2867,-79.4668
40.1896,-79.5454
40.1664,-79.5509
40.2161,-79.616
40.1785,-79.7285
40.2299,-79.2213
40.4357,-79.5816
40.4254,-79.6901
40.1547,-79.5582
40.3092,-79.3634
40.3573,-79.5231
40.3004,-79.3368
40.2657,-79.4143
40.2755,-79.0892
40.2755,-79.0892
40.14,-79.8272
40.141,-79.8228
40.303,-79.5063
40.3064,-79.5749
40.2746,-79.568
40.1775,-79.6676
40.1733,-79.4365
40.1587,-79.8918
40.3015,-79.4178
40.2838,-79.4456
40.2301,-79.3847
40.2869,-79.3797
40.3129,-79.4794
40.2855,-79.5459
40.3076,-79.5961
40.1626,-79.5685
40.2117,-79.6669
40.2864,-79.5871
40.2624,-79.4222
40.5095,-79.5176
40.3193,-79.5559
40.1242,-79.5544
40.4003,-79.5069
40.1532,-79.7266
40.1453,-79.5194
40.4096,-79.5734
,
40.2057,-79.5118
40.1174,-79.3776
40.2967,-79.3607
40.3028,-79.6321
40.2172,-79.6081
40.1527,-79.7338
40.2866,-79.5487
,
40.1444,-79.816
40.1733,-79.7369
40.386,-79.3221
40.2838,-79.5413