Latitude,Longitude,rate,max_hours
40.45135553504060,-80.00114961226850,$1/hr,4 HRS
40.44878409633440,-79.95179325342180,$3/hr,No Max
,,,
40.44262125209760,-79.9820963143975,$1/hr,2 HRS
40.43985562683170,-79.95736688375470,$3/hr,No Max
40.439706604818900,-80.00547230243680,$4/hr,No Max
40.4286943930917,-79.99169111251830,$1.50/hr,No Max
40.45226210252640,-80.01455102331350,$1/hr,2 HRS
40.42844734281790,-79.97670829296110,$1.50/hr,No Max
40.45127814997120,-79.98376135910800,$1.50/hr,2 HRS
40.441868412339700,-79.99742299318310,$4/hr,No Max
40.4570551018058,-79.92957170552260,$1.50/hr,3 HRS
40.436247962401400,-79.9972180527439,$4/hr,No Max
40.44598386828940,-79.99207504795460,$1.50/hr,2 HRS
,,,
40.45329146567520,-80.00117363558200,$1/hr,2 HRS
40.43550188715580,-79.92294463558200,$1.50/hr,2 HRS
40.428433050625500,-79.96567368507390,$1.50/hr,No Max
40.43869610437430,-80.00245481729510,$4/hr,No Max
40.45206300000000,-80.00663644912280,$1/hr,4 HRS
40.44243385949400,-79.9618273973465,$3/hr,No Max
40.47089709972420,-79.96003845767210,$1/hr,2 HRS
40.46007864575440,-79.92668056564140,$1.50/hr,2 HRS
40.43274180486330,-80.00873762367520,$1/hr,2 HRS
40.44309013966770,-79.95416432619100,$3/hr,No Max
40.45062955674700,-80.01293997668650,$1/hr,No Max
40.39323618127500,-80.01943459737050,$1/hr,2 HRS
40.46591287978230,-79.96484937519650,,
40.45273565924720,-79.98330100000000,$1.50/hr,2 HRS
40.45017415603630,-79.98677582820700,,
40.38486831112040,-79.97776916294240,$1/hr,No Max
40.43070321840470,-79.92327602331350,$1.50/hr,2 HRS
40.45147102052120,-79.93214470552250,$1.50($2 after 2pm)/hr,2 HRS
,,,
40.4410539151185,-80.00384420156480,,
40.448404446192400,-79.96007055044170,,
40.45206276189160,-80.01253229447750,$1/hr,No Max
40.393814614829000,-80.02033865274390,$1/hr,2 HRS
40.4581625569088,-79.92506683680530,$1.50/hr,2 HRS
40.45074100000000,-80.01233795337290,$1/hr,No Max
40.411741781006200,-79.98980686068540,$1/hr,2 HRS
40.42665058625360,-79.97685581445690,$1.50/hr,No Max
40.428561680247500,-79.98647689819340,$1.50/hr,No Max
40.46188700520010,-79.92258603690060,$1.50/hr,2 HRS
40.43946163640890,-79.9599726498127,$3/hr,No Max
40.38588746314690,-79.97903162240160,$.50/hr,2 HRS
40.42229900000000,-79.92893945767210,$1.50/hr,2 HRS
40.43774897927050,-79.91942286269,$1.50/hr,2 HRS
40.450968102720900,-80.013434317791,$1/hr,No Max
40.45030864504390,-79.985207069767,$1.50/hr,2 HRS
40.44490584878310,-79.94867116212850,$3($2.50 after 2pm)/hr,No Max
40.459109306232000,-79.94437949570080,$1/hr,2 HRS
40.43968414941860,-79.99947488307950,$4/hr,No Max
40.42959771258990,-80.00773007982840,$1/hr,2 HRS
40.438533330538400,-79.98606102331350,$1.50/hr,2 HRS
,,,
40.46940032854960,-79.96156270552250,$1/hr,2 HRS
40.45270606150740,-80.00479758643270,$1/hr,4 HRS
40.44176022154780,-79.95679557323460,$3/hr,No Max
40.45155877293250,-79.91963465889550,$1/hr,No Max
40.437968958547600,-79.92107268982450,$1.50/hr,2 HRS
40.44725582122620,-80.0096120238959,$3/hr,No Max
40.45188210257500,-79.9323503411045,,
,,,
,,,
40.45164885371550,-80.01155695337300,$1/hr,No Max
40.428647433192200,-79.98025953769680,$1/hr,No Max
40.450982897357100,-79.93379711656760,$1.50($2 after 2pm)/hr,2 HRS
40.45953244923870,-79.94524913988110,$1/hr,2 HRS
40.440479404648000,-80.00060615690420,$4/hr,No Max
40.441627534489900,-79.96023416519170,$3/hr,No Max
40.439086016446500,-80.00344723463060,,
40.437054217723000,-79.92258031779100,$1.50/hr,2 HRS
40.437001695806000,-79.99893575906750,$4/hr,No Max
40.441450958229800,-79.9465012550354,$2.50/hr,No Max
40.44549168263020,-79.9566051363945,,
40.450042372251400,-79.98698823065380,,
40.44080446224250,-79.99383303719280,$4/hr,No Max
40.4403384150565,-79.95875760912900,$3/hr,No Max
40.438595104580800,-79.98718600000000,$1.50/hr,2 HRS
40.429170115442800,-79.98644202947620,$1.50/hr,No Max
40.39267412224310,-80.01872520899270,$1/hr,No Max
40.44199701626190,-79.95237797498700,,
40.461505772077900,-79.9252226588955,$1.50/hr,2 HRS
40.4585466504803,-79.93289580612330,$1.50/hr,4 HRS
40.44165284716790,-79.98898100846420,$1.50/hr,No Max
40.438673290019100,-79.99926868220910,$4/hr,No Max
40.43837288703250,-79.98655930307580,$1.50/hr,2 HRS
40.44289723682890,-79.9570906162262,$3/hr,No Max
40.42285978075420,-79.92868774355120,$1.50/hr,2 HRS
40.43864144351050,-79.98566863558200,$1.50/hr,2 HRS
40.44117231382380,-79.99897062778470,,
40.4382853305544,-79.993850364418,$1.50/hr,2 HRS
40.428488177636500,-79.97733861207960,$1.50/hr,No Max
40.46069178481600,-79.92485135581970,$1.50/hr,2 HRS
40.462055613154200,-79.92344634110450,$1.50/hr,2 HRS
40.46517009592070,-79.96532144398320,$1/hr,4 HRS
40.44092530939200,-79.95398998260500,$3/hr,No Max
40.43948409188370,-79.94356691837310,$1.75/hr,No Max
40.4442669370593,-80.00063091516500,$4/hr,No Max
40.426376985020300,-79.96387124061580,$1.50/hr,No Max
40.46491091894340,-79.94187632206380,$1/hr,2 HRS
40.431995556346900,-79.9231042478504,$1.50/hr,2 HRS
40.437432447092400,-80.00031977891920,$4/hr,No Max
40.438316397251000,-80.00419825315480,$4/hr,No Max
40.42692010279830,-79.9651050567627,$1.50/hr,No Max
40.44751858752070,-80.00935077667240,$3/hr,No Max
40.4442363181341,-79.9503019452095,$3/hr,No Max
40.43887779143280,-79.96013358235360,$3/hr,No Max
40.384887391051700,-79.97800299524440,$.50/hr,2 HRS
40.460994088490300,-79.92328663558200,$1.50/hr,2 HRS
40.45092212317760,-79.93434029447750,$1.50($2 after 2pm)/hr,2 HRS
40.47050849126260,-79.96054664254190,$1/hr,2 HRS
40.45330445443650,-80.00116827116390,$1/hr,2 HRS
40.42897143718190,-79.92413170552250,$1.50/hr,2 HRS
40.43847450676610,-79.98458151520940,$1.50/hr,2 HRS
40.44960643275140,-79.98585500000000,$1.50/hr,2 HRS
40.45209977288600,-80.01623202331350,$1/hr,2 HRS
40.42182017321760,-79.99513069230840,$.50/hr,2 HRS
40.44639976347270,-80.00927168220900,$3/hr,No Max
40.421746663239300,-79.99334165889550,$1/hr,No Max
40.445901967406300,-79.9655020236969,$1.50/hr,No Max
40.45170588645990,-80.01834468220900,$1/hr,2 HRS
40.39534646489990,-80.0220880091224,$1/hr,2 HRS
40.42606663003530,-79.965341091156,$1.50/hr,No Max
,,,
40.441515260621,-79.94174301624300,$2.50/hr,No Max
40.413028385335400,-79.98909875750540,$1/hr,2 HRS
40.450380783708600,-80.01496268220900,$1/hr,4 HRS
40.441000839769100,-79.9979916214943,,
40.428510636776100,-79.97505605220790,$1.50/hr,No Max
40.445183457096300,-79.95072305202480,$3/hr,No Max
40.45117201537670,-79.9837130793457,$1.50/hr,2 HRS
40.441540777425900,-79.96335759758950,$3/hr,No Max
,,,
40.46571364393860,-79.94741734110450,$1/hr,4 HRS
40.459483517712900,-79.92616013128280,$1.50/hr,2 HRS
40.46076269293210,-79.92752235581970,$1/hr,No Max
40.44845343342800,-79.95143115520480,,
40.44247162384570,-79.95726495981220,$3/hr,No Max
40.460540658241400,-79.92679697668650,,
40.45635898817090,-79.93098895337290,$1.50/hr,3 HRS
40.392374742983600,-80.01836531181280,$1/hr,2 HRS
,,,
40.43902837278520,-80.00021429447750,$4/hr,No Max
40.46212481086780,-79.94840572883610,$1/hr,No Max
40.4524142271415,-80.01449463558200,$1/hr,2 HRS
40.428504511557000,-79.97924029827120,$1.50/hr,No Max
40.45472155683490,-80.00224172883610,$1/hr,4 HRS
40.45156393844070,-79.93402075214960,$2/hr,No Max
,,,
40.437937184437100,-79.98978368220900,$1.50/hr,2 HRS
40.428645391456700,-79.9772447347641,$1.50/hr,No Max
40.43132276069400,-79.96138920122340,Multi-Rate,No Max
40.391786442902,-80.01753182877180,$1/hr,2 HRS
40.39467765203910,-80.0210639834404,$1/hr,2 HRS
40.442431818177100,-79.93793427944180,$1.75/hr,No Max
40.4411326418682,-80.00023601206020,$4/hr,No Max
40.43840389560730,-80.0196062588293,$1/hr,2 HRS
40.4370082285724,-79.97023773186810,,
40.428161498393400,-79.97312754392620,$1.50/hr,No Max
40.44593462678330,-79.95587825775150,$3/hr,No Max
40.45523986154290,-79.95486545561110,,
40.436323920421800,-79.99968141317370,$4/hr,No Max
40.44788599576020,-80.00592827796940,$3/hr,No Max
40.44597056730390,-79.99347047238730,$1.50/hr,2 HRS
40.4442669370593,-79.95784431695940,$3/hr,No Max
40.42652705747640,-79.97655808925630,$1.50/hr,No Max
40.4417843774517,-79.99852946022660,$4/hr,No Max
,,,
40.46705764871370,-79.9641949161969,$1/hr,4 HRS
40.453164052119900,-79.98107915009310,$1.50/hr,2 HRS
40.426881025678,-79.96721735218670,$1.50/hr,No Max
40.435956910807700,-79.92309663558190,$1.50/hr,2 HRS
40.44282681184510,-79.95515808463100,$3/hr,No Max
40.435821443571000,-79.92277206994060,$1.50/hr,2 HRS
,,,
40.434357924858100,-79.99066114425660,,
40.443305496151100,-79.96130704879760,$3/hr,No Max
40.461444144484500,-79.94881416319460,$1/hr,2 HRS
40.43900179096520,-79.99790468220900,$4/hr,No Max
40.43789888494090,-79.98892431779100,$1.50/hr,2 HRS
40.41245247977200,-79.9894742667675,$1/hr,2 HRS
40.46220787304940,-79.94677472883610,$1/hr,2 HRS
40.4387885311998,-79.98514713988110,$1.50/hr,2 HRS
40.43500550523270,-80.01192623376030,$1/hr,2 HRS
40.45074926179380,-80.00727152821130,$1/hr,No Max
40.44056398722470,-79.94748294353490,$1.50/hr,3 HRS
40.46051379616200,-79.92567710339190,$1.50/hr,2 HRS
40.4422654506403,-79.95711743831640,$3/hr,No Max
40.447930901073900,-80.00650227069860,$3/hr,No Max
40.42720357075530,-79.96684720750640,$1.50/hr,No Max
40.447320594470000,-79.96572196483610,,
40.42839221577340,-79.97755587100980,$1.50/hr,No Max
40.437963098516700,-79.9204078966082,$1.50/hr,2 HRS
40.453084670399300,-80.00171109325410,$1/hr,4 HRS
40.42875768681750,-79.97748881578450,$1.50/hr,No Max
40.452555955639100,-80.013609682209,$1/hr,No Max
40.458760937026300,-79.93265708952090,$1.50/hr,4 HRS
40.450285092170500,-80.015612682209,$1/hr,4 HRS
40.437679464357600,-80.0032326579094,$4/hr,No Max
40.42638106862900,-79.96552348136900,$1.50/hr,No Max
40.44225932667400,-79.95123267173770,$3/hr,No Max
40.43900844249720,-79.94670242071150,$1.50/hr,3 HRS
40.42668733857330,-79.97733324766160,$1.50/hr,No Max
,,,
40.437588006856300,-79.97197580330980,,
40.44584889588470,-79.95360910892490,$3/hr,No Max
40.42812678863060,-79.96755927801130,$1.50/hr,No Max
40.44085998575420,-79.95803475379940,$3/hr,No Max
40.43811939781800,-79.96181532740590,$3/hr,No Max
40.444742549239700,-79.95447546243670,$3/hr,No Max
40.39557597427860,-80.02266033357860,$1/hr,2 HRS
40.430508307580400,-80.00735457052540,$1/hr,2 HRS
40.442215438232800,-79.95322421193120,$3/hr,No Max
40.438988000000000,-79.99355945767210,$1.50/hr,2 HRS
40.42839017403020,-79.97554153203960,$1.50/hr,No Max
40.428631099306400,-79.97979819774630,$1.50/hr,No Max
40.46965156686790,-79.96124575929820,$1/hr,2 HRS
40.462432074997300,-79.92731193005940,$1.50/hr,2 HRS
40.441937904969400,-79.98675891534420,$1.50/hr,No Max
40.43780955647170,-79.92304304662710,$1.50/hr,2 HRS
40.438730808681800,-79.9609811604023,,
40.43697820156970,-79.99767156564140,$4/hr,No Max
40.44074771060330,-79.997039437294,$4/hr,No Max
40.44392138093140,-79.9979962245369,$4/hr,No Max
40.45598404777890,-79.91632291677890,,
40.44721562978560,-79.9895619067459,$1.50/hr,2 HRS
40.45292964805770,-80.00463906134220,$1/hr,4 HRS
40.450784214471700,-79.98423879231260,$1.50/hr,2 HRS
40.438845421751000,-79.99754891667180,,
40.44587339043840,-79.94860410690310,$3($2.50 after 2pm)/hr,No Max
40.44672457063160,-79.95008736848830,$3/hr,No Max
40.437958381343300,-79.9904133816147,$1.50/hr,2 HRS
40.44459149680890,-79.9502295255661,$3/hr,No Max
40.43436486615640,-80.01124817131310,$1/hr,2 HRS
40.447867625395900,-79.95256572961810,$3/hr,No Max
40.4421011240188,-80.00715404748920,$4/hr,No Max
40.461718101104600,-79.92333095337300,$1.50/hr,2 HRS
40.45552603295850,-79.94013642195130,$1.50/hr,4 HRS
40.440061807428000,-79.9585497379303,$3/hr,No Max
40.42820437513450,-79.97243285179140,$1.50/hr,No Max
40.452702786570500,-79.98172824467470,$1.50/hr,2 HRS
40.445007910796200,-79.9991825222969,$4/hr,No Max
40.452318399040600,-80.0133149766865,$1/hr,No Max
40.429338355754000,-79.92155075766080,$1.50/hr,2 HRS
40.451371307842600,-79.93392190674590,$1.50($2 after 2pm)/hr,2 HRS
40.45352653424800,-80.00089936441800,$1/hr,2 HRS
40.435060000000000,-79.92292106994060,$1.50/hr,2 HRS
,,,
40.455777647468700,-79.93876731656760,$1.50/hr,4 HRS
40.45837106086120,-79.94308320982170,$1/hr,2 HRS
40.45262293274180,-80.0035110711724,$1/hr,No Max
40.45427686715590,-80.0047147521496,$1/hr,No Max
,,,
40.44695114196000,-79.95806157588960,$3/hr,No Max
40.46143544814100,-79.94847420122340,$1/hr,2 HRS
40.42909457177490,-79.98271510005000,$1.50/hr,No Max
40.4622990838708,-79.95014591342770,$1/hr,2 HRS
,,,
40.45125110267840,-80.00976195337300,$1/hr,No Max
40.43940790410020,-79.98567068220910,$1.50/hr,No Max
40.471144428124900,-79.96010000000000,$1/hr,2 HRS
40.45224824611400,-79.98369527116390,,
40.44575295879710,-79.94913518428800,$3($2.50 after 2pm)/hr,No Max
40.44441288707770,-79.95817691087720,,
40.45944664938040,-79.92988904981760,$1.50/hr,4 HRS
40.44119885143610,-79.95349109172820,$3/hr,No Max
40.445414535948000,-79.99194774355120,$1.50/hr,2 HRS
,,,
40.439896454722800,-80.00009715557100,$4/hr,No Max
40.43859178718840,-79.98452076319150,$1.50/hr,2 HRS
40.450679082133100,-79.93516068220900,$1.50($2 after 2pm)/hr,2 HRS
40.46065875949140,-79.9254603411045,$1.50/hr,2 HRS
40.452202102550700,-80.00407268982460,,
40.45583078429390,-80.00260793865780,$1/hr,4 HRS
40.44764818521400,-80.01445231017540,$3/hr,No Max
40.4515290119933,-79.95458414789030,$3/hr,No Max
40.43832678493550,-79.99156407703780,$1.50/hr,2 HRS
40.44211827121310,-79.98928141587390,$1.50/hr,No Max
40.457616752216600,-79.94168052080570,$1/hr,2 HRS
40.43554944357680,-79.98683466749380,$1.50/hr,2 HRS
40.46178797963550,-79.92312406994060,$1/hr,No Max
,,,
40.45877726359230,-79.93262490301280,$1.50/hr,4 HRS
40.44773903270540,-80.00677585601810,$3/hr,No Max
40.42870245021050,-79.9242128834324,$1.50/hr,2 HRS
40.438127124343300,-79.92034100000000,$1.50/hr,2 HRS
,,,
40.42575423179490,-79.96479123830800,$1.50/hr,No Max
40.43864387773930,-80.02015407202630,$1/hr,2 HRS
40.45587300000000,-79.93904617286550,$1.50/hr,4 HRS
40.452449701472500,-79.98208229626470,$1.50/hr,2 HRS
40.39428385131060,-80.02051692477840,$1/hr,2 HRS
40.43845113228220,-79.98162424561090,$1.50/hr,No Max
40.46217845596140,-79.92461954232790,$1.50/hr,2 HRS
40.44461599182080,-79.99867290258410,$4/hr,No Max
40.46359546943780,-79.92579970552250,$1/hr,No Max
40.437632668300600,-79.98584579321640,$1.50/hr,2 HRS
40.43728144353970,-79.92301652761270,$1.50/hr,2 HRS
40.43914317614140,-79.96042862534520,,
40.44530797221720,-79.95044678449630,$3/hr,No Max
40.45702935735190,-79.94057451190200,$1/hr,2 HRS
40.39287488656920,-80.01869559288030,$1/hr,2 HRS
40.44724098885220,-79.95212316513060,$3/hr,No Max
40.44270943670810,-79.95893865823750,$3/hr,No Max
40.44230933904890,-79.96360033750530,$3/hr,No Max
40.4630274041432,-79.96690931172000,$1/hr,4 HRS
40.46601054338200,-79.94969934110450,$1/hr,4 HRS
40.43858076345880,-79.94568049907680,$1.50/hr,3 HRS
40.444926261198100,-79.94881063699720,$3($2.50 after 2pm)/hr,No Max
40.44597749219160,-79.94893670082090,$3($2.50 after 2pm)/hr,No Max
40.446528616434300,-79.95513796806340,$3/hr,No Max
40.42842080017250,-79.97604042291640,$1.50/hr,No Max
40.45921807937340,-79.93066152601390,$1.50/hr,4 HRS
40.38508352484960,-79.97834631799830,$.50/hr,2 HRS
40.47053200000000,-79.96034624785050,$1/hr,No Max
40.460433189984400,-79.92326000000000,$1.50/hr,2 HRS
40.45577587456920,-79.93126250429920,,
40.45143655676440,-79.9849919766865,,
40.4480758225636,-79.95297074317930,$3/hr,No Max
40.4521511795771,-80.01668438128640,,
40.44201742956030,-80.00108689069750,$4/hr,No Max
,,,
40.43780887562830,-80.00201348304090,$4/hr,No Max
40.428018575725600,-79.97078597545620,$1.50/hr,No Max
40.43797262693140,-79.92180089660820,$1.50/hr,2 HRS
40.44686541235800,-79.95322287082670,$3/hr,No Max
40.446021378176500,-79.95524257421490,$3/hr,No Max
40.45164336685480,-79.95302846666160,,
40.48095146550490,-80.04145728797540,$1/hr,2 HRS
40.459838347395700,-79.9458155276127,$1/hr,2 HRS
40.45444128369820,-79.94388584540370,$1.50/hr,4 HRS
40.45135749621610,-80.00306582447590,$1/hr,No Max
40.45317645170380,-79.95394062989360,,
40.45242479614660,-79.95048176519050,$3/hr,No Max
40.45375501705890,-80.0073707607479,$1/hr,No Max
,,,
,,,
40.44880042532470,-79.96445327997210,,
40.454414976194200,-79.99985956564140,,
40.46273316565640,-79.95123482209020,$1/hr,2 HRS
40.45191903607560,-79.98264019573980,$1.50/hr,2 HRS
40.42924361730860,-79.97716158628460,$1/hr,No Max
40.45218778390270,-80.00827395337300,$1/hr,No Max
40.45493409470710,-79.94217708465580,$1.50/hr,4 HRS
,,,
40.46339210085300,-79.92404900000000,$1.50/hr,2 HRS
40.44273964804240,-79.98212850090570,$1/hr,2 HRS
40.44179900694610,-79.95623767375950,$3/hr,No Max
40.437889734537700,-80.00067114830020,$4/hr,No Max
40.442664527905800,-79.98939514160160,$1.50/hr,No Max
40.454531670492500,-79.94721800000000,$1/hr,2 HRS
40.449314786487100,-79.95151430368420,,
40.4595250765584,-79.92824100000000,$1.50/hr,4 HRS
40.46514559146200,-79.9448187053531,$1/hr,2 HRS
40.42831667123170,-79.97419238090520,$1.50/hr,No Max
40.43308754903840,-79.92313297668650,$1.50/hr,2 HRS
40.44853507874130,-79.95004445314410,,
40.45541600000000,-79.94349248304090,$1/hr,2 HRS
40.46535373509680,-79.9460256994098,$1/hr,2 HRS
40.43939072780030,-80.00428341169870,$4/hr,No Max
40.45223588643710,-79.92014865889550,$1/hr,No Max
40.43243753118530,-79.92248777546310,$1/hr,No Max
40.43803133057080,-79.98643324785040,$1.50/hr,2 HRS
40.44132309048650,-79.99645343061280,,
40.45425298857790,-80.00208993005940,$1/hr,4 HRS
40.44895347538000,-79.98712555092620,$1.50/hr,2 HRS
40.4624815400468,-79.92282364533420,$1/hr,No Max
40.44769004494910,-79.95099663734440,$3/hr,No Max
40.42761430710640,-79.96819227933880,$1.50/hr,No Max
40.46316208963950,-79.96697368473630,$1/hr,4 HRS
,,,
40.44768611718290,-79.9893053325062,$1.50/hr,2 HRS
,,,
40.46228173536010,-79.9450626588955,$1/hr,4 HRS
40.459079368980700,-79.92830648098560,$1.50/hr,2 HRS
40.45045575612490,-79.95501726865770,$3/hr,No Max
40.46245647079180,-79.95070155092620,$1/hr,2 HRS
40.45340723012190,-79.94722938650820,$1.50/hr,2 HRS
40.42940899621270,-79.98623549938200,$1.50/hr,No Max
40.43774551824540,-79.92361679629520,$1/hr,No Max
40.43654276914900,-79.96750187867290,,
40.44584986420950,-80.01135345098310,$3/hr,No Max
40.43941060121110,-80.00530332326890,$4/hr,No Max
,,,
40.446528616434300,-79.95447143912320,$3/hr,No Max
40.42987742587830,-80.00824506391840,$1/hr,2 HRS
40.421861012059800,-79.99317804414560,$.50/hr,2 HRS
40.43624011287610,-79.92296606994060,$1.50/hr,2 HRS
40.44916374433180,-79.95024025440220,$3/hr,No Max
40.4625037719921,-79.94798197668650,$1/hr,No Max
40.45532685545350,-79.9402162232094,$1.50/hr,4 HRS
40.46178432797750,-79.92268570552260,$1/hr,No Max
40.428686226155000,-79.97450888156890,$1.50/hr,No Max
40.45300055679790,-79.94855670552260,$1.50/hr,2 HRS
40.44491401374990,-79.95039850473400,$3/hr,No Max
40.45101042165740,-80.01202138773160,$1/hr,No Max
40.45243611357160,-80.00447801471520,$1/hr,4 HRS
40.4498698118996,-79.98566304529950,$1.50/hr,2 HRS
,,,
40.44345042761410,-79.95679825544360,$3/hr,No Max
40.43189432674450,-80.00714251398220,,
40.46269855514030,-79.94505406994060,$1/hr,4 HRS
40.44745993808530,-80.00842112309330,$3/hr,No Max
40.42713653196890,-79.96735274791720,$1.50/hr,No Max
40.383078438436100,-79.9770537614495,$.50/hr,2 HRS
40.4421786943995,-79.9385404586792,$1.75/hr,No Max
40.453690625734900,-79.98030667389680,$1.50/hr,2 HRS
40.44516100352540,-79.9650514125824,$1.50/hr,No Max
40.45215764951460,-79.95385995145630,,
40.45153123948160,-79.98341803635410,$1.50/hr,2 HRS
40.4354452699404,-79.92366629447750,$1/hr,No Max
40.46543944111190,-79.94579502943450,$1/hr,2 HRS
40.440774248383100,-79.94333758950230,$2.50/hr,No Max
40.43906151941950,-79.94355887174610,$1/hr,No Max
40.4411710890605,-79.98829436295640,$1.50/hr,No Max
40.44127948488590,-79.94789198040960,$2.50/hr,No Max
40.440717969032400,-80.03386820671950,$1/hr,No Max
40.44823911400860,-79.95940536260610,$1.50/hr,No Max
40.463251692741000,-79.9264151305124,$1/hr,No Max
40.446348855807400,-80.01406393216370,$3/hr,No Max
40.44924090109910,-79.98691375826640,$1.50/hr,2 HRS
40.42814924789090,-79.97161746025090,$1.50/hr,No Max
40.45181668127210,-80.0169353411045,$1/hr,2 HRS
40.44009651103060,-80.00101447105410,,
40.45615420000000,-79.93748665337300,$1.50/hr,4 HRS
40.443504975179600,-79.9561760949291,$3/hr,No Max
40.43509900781780,-79.99344527721410,$4/hr,No Max
40.45770599829360,-79.9286285411045,$1.50/hr,3 HRS
40.44555087810080,-79.95441913604740,,
40.45678649295550,-79.91748069220190,$2/hr,No Max
40.45358041299410,-79.98018865670010,$1.50/hr,2 HRS
40.43987911303230,-79.98505041104510,$1.50/hr,No Max
40.465970059417000,-79.95397934970280,$1/hr,2 HRS
40.427491800984400,-79.96677339077000,$1.50/hr,No Max
40.459467057378900,-79.93033966093210,$1.50/hr,4 HRS
40.44722568006870,-80.00761806964870,$3/hr,No Max
40.454336102214600,-80.00286095337300,$1/hr,No Max
40.4432218031921,-79.9531826376915,$3/hr,No Max
40.41122254910420,-80.02485094129040,$1/hr,2 HRS
40.42880873010130,-79.97980892658230,$1.50/hr,No Max
40.460890215163500,-79.92635336441810,$1.50/hr,2 HRS
40.443233124766800,-79.99032791534420,$1.50/hr,No Max
40.451694425507200,-79.93359083680540,$2/hr,No Max
40.44571213446300,-80.01211613416670,$3/hr,No Max
40.448041123080400,-80.00505924224850,$3/hr,No Max
,,,
40.438876201348500,-79.92266641104500,$1/hr,No Max
40.44277532106240,-79.98736963558200,,
40.45198487546480,-80.01193331779100,$1/hr,No Max
40.46613128761510,-79.95035965889550,,
40.426942562461600,-79.96658831834790,$1.50/hr,No Max
40.46183528727650,-79.94957125644870,$1/hr,2 HRS
40.4372910186636,-79.99650578951330,$4/hr,No Max
,,,
40.42849226111700,-79.97114807367330,$1.50/hr,No Max
40.43872867789940,-79.98737468220900,$1.50/hr,2 HRS
40.44534675556850,-79.95364129543300,$3/hr,No Max
40.4514642817635,-79.93264388343240,$1.50($2 after 2pm)/hr,2 HRS
40.42883206830900,-80.00757987608270,$1/hr,2 HRS
40.428692351357600,-79.97885406017300,$1.50/hr,No Max
40.48106749821450,-79.95390163558200,$1/hr,No Max
40.46437424695370,-79.96613147110570,$1/hr,4 HRS
40.46297998689090,-79.92359531779100,$1.50/hr,2 HRS
40.45569985680150,-79.94252700000000,$1/hr,2 HRS
40.440290442597300,-80.00664979219440,$4/hr,No Max
40.45112765945450,-79.98549402331360,,
40.43717113858440,-80.00026345252990,$4/hr,No Max
40.45002493464080,-79.98563622320940,$1.50/hr,2 HRS
40.46111334801540,-79.92433193216370,$1.50/hr,2 HRS
40.4564811137454,-79.93869082209020,$1.50/hr,2 HRS
40.42762247417320,-79.96640592813490,$1.50/hr,No Max
40.461710350429300,-79.92784425644870,$1/hr,No Max
40.467322922152100,-79.96383013577090,$1/hr,4 HRS
40.46498438173300,-79.94243422153890,$1/hr,2 HRS
40.44497218910930,-79.957415163517,,
40.44666537619470,-79.95203465223310,$3/hr,No Max
40.44441417487750,-79.99604195337290,,
40.44444452655040,-79.9489152431488,,
,,,
40.46511090079350,-79.94340518120230,$1/hr,2 HRS
40.45984927916800,-79.92570762086680,$1.50/hr,2 HRS
40.39216518600160,-80.01806075929820,$1/hr,2 HRS
40.43317054184260,-80.00946986673630,$1/hr,2 HRS
40.452426323287200,-79.98417582209020,$1.50/hr,2 HRS
40.45730563221570,-79.93360017122810,,
40.451839318726600,-80.01204634110450,$1/hr,No Max
40.4629419826699,-79.95164062086680,$1/hr,2 HRS
40.4576935301898,-79.93238172374270,$1.50/hr,4 HRS
40.41157924060900,-80.02487910448510,$1/hr,2 HRS
40.44617548919890,-79.95403289794920,,
40.45864718371060,-79.94323793005950,$1/hr,2 HRS
40.45058827211080,-79.98480742062380,$1.50/hr,2 HRS
40.45204395897500,-80.01571048304100,$1/hr,2 HRS
40.441211099561200,-80.00525772571560,$4/hr,No Max
40.428526970691200,-79.97839540243150,$1/hr,No Max
40.44089258636630,-80.00215200000000,$4/hr,No Max
40.4518075691653,-79.98337082209010,$1.50/hr,2 HRS
40.45389876938140,-80.00673543230330,$1/hr,No Max
40.435041145395200,-79.923488317791,$1/hr,No Max
40.441195789404400,-79.95577096939090,$3/hr,No Max
40.448661628781000,-79.95222508907320,,
40.44148055775090,-79.95276153087620,$3/hr,No Max
40.440509890800900,-79.95818763971330,$3/hr,No Max
40.455755772571900,-80.00660165889550,$1/hr,2 HRS
40.42805941080460,-79.97028708457950,$1.50/hr,No Max
40.45145143235510,-80.01359829447740,$1/hr,No Max
40.39580223926190,-80.02297083737020,$1/hr,2 HRS
40.448204414609700,-80.00522017478940,$3/hr,No Max
,,,
40.447367541328600,-80.00407755374910,$3/hr,No Max
40.4621040448603,-79.92647510450750,$1.50/hr,2 HRS
40.438500126772,-80.00238507986070,$4/hr,No Max
40.42874543642360,-79.98178571462630,$1.50/hr,No Max
,,,
40.43648488711350,-79.92281986011890,$1.50/hr,2 HRS
40.452385359068600,-80.00779885060180,$1/hr,No Max
40.44594677341450,-80.01365338773160,$3/hr,No Max
,,,
40.42728966539540,-79.96738225221630,$1.50/hr,No Max
40.450874021196200,-79.98437558497240,$1.50/hr,2 HRS
40.43183443788290,-79.96237124233910,Multi-Rate,No Max
40.4428804981189,-79.981465995279,$1/hr,2 HRS
,,,
40.393471387682200,-80.01950025558470,$1/hr,2 HRS
40.43628248914150,-79.99735640740970,$4/hr,No Max
40.441939858993500,-79.95752647519110,$3/hr,No Max
40.443406539950600,-79.95254024863240,$3/hr,No Max
40.45213676187090,-80.01524231779100,$1/hr,2 HRS
,,,
40.48977654317620,-80.01834261415750,$1/hr,2 HRS
40.394073081138300,-80.02069796959090,$1/hr,2 HRS
40.440924917274700,-80.00292454232790,$4/hr,No Max
40.428314629486200,-79.97157722711560,$1.50/hr,No Max
40.46150367410060,-79.92232613128280,$1/hr,No Max
40.44338306514200,-79.95306730270390,,
40.45512022797540,-79.94481500163730,,
40.44289315422320,-79.96469467878340,$3/hr,No Max
40.43281560471790,-79.96462144912280,Multi-Rate,No Max
40.45222704414990,-79.95430519815270,$3/hr,No Max
40.458641408049500,-79.94353320982170,$1/hr,2 HRS
40.462069933420100,-79.9217043446697,$1.50/hr,2 HRS
40.43160688732300,-79.92331675214960,$1.50/hr,2 HRS
40.451574938441200,-80.01825989660820,$1/hr,2 HRS
,,,
40.43742244353670,-79.92285427116390,$1.50/hr,2 HRS
40.43533378446220,-79.99586462974550,$4/hr,No Max
40.436114871299900,-79.922540,$1.50/hr,2 HRS
40.442723725866100,-79.95187640190120,$3/hr,No Max
40.457942772384000,-79.92523548098560,$1.50/hr,2 HRS
40.42871276869560,-79.99038219451900,$1.50/hr,No Max
40.45085921624080,-80.01608300000000,$1/hr,2 HRS
40.46308508137940,-79.92561700000000,,
40.44541615729900,-79.95132386684420,$3/hr,No Max
40.43980459193310,-79.9986782670021,$4/hr,No Max
40.43843367801150,-79.98363201321810,$1.50/hr,No Max
40.44053336661280,-80.00176012516020,$4/hr,No Max
40.45552059080890,-79.94182793216360,$1.50/hr,2 HRS
40.46029753007130,-79.94634295337300,$1/hr,2 HRS
40.43842477406060,-79.99319486011890,$1.50/hr,2 HRS
40.38542267152760,-79.97858235239160,$.50/hr,2 HRS
40.439647404201700,-79.95827078819280,$3/hr,No Max
40.44273189109800,-79.95349109172820,$3/hr,No Max
40.45695598805540,-79.93538302331350,,
40.441974561626600,-79.95265424251560,$3/hr,No Max
40.452052061537200,-79.93243434110450,$2/hr,No Max
40.42767351831870,-79.96995717287060,$1.50/hr,No Max
40.448088069435700,-79.95137482881550,$3/hr,No Max
40.438275568400400,-80.00018298625950,$4/hr,No Max
40.453087479086100,-80.00804503439330,$1/hr,No Max
40.45053617435070,-80.00341880319870,$1/hr,No Max
40.43464660110740,-80.01155930755890,$1/hr,2 HRS
40.39438544392690,-80.02113634573100,$1/hr,2 HRS
40.44001893824720,-80.00707894563680,$4/hr,No Max
40.43795097815580,-79.99997913837430,$4/hr,No Max
40.42904046612280,-79.98521894216540,$1.50/hr,No Max
40.451756917932600,-79.93322213988110,$1.50($2 after 2pm)/hr,2 HRS
40.43869610437430,-80.00106811523440,,
40.44639185639570,-79.95412409305570,$3/hr,No Max
40.441186603308600,-79.94527280330660,$2.50/hr,No Max
40.46423158834580,-79.92350775001800,$1.50/hr,2 HRS
40.46126502037250,-79.94686309325410,$1/hr,2 HRS
40.449974061109200,-79.95518088340760,,
40.45194931869820,-80.01700202331350,$1/hr,2 HRS
40.439319124234700,-80.00101265889550,$4/hr,No Max
,,,
40.46113650936520,-79.9478968834324,$1/hr,2 HRS
40.44672641135480,-79.99083787235260,$1.50/hr,2 HRS
40.431216443669900,-79.923206635582,$1.50/hr,2 HRS
40.463631446076900,-79.96645333618740,,
40.452565432115900,-80.00880731779100,$1/hr,No Max
40.45847161211990,-79.9439171545963,$1/hr,2 HRS
40.44722359658050,-79.99009877165410,$1.50/hr,2 HRS
40.44707565380630,-79.95432525873180,$3/hr,No Max
40.462832000000000,-79.92431429447750,$1.50/hr,2 HRS
40.45437340954580,-80.00899924233910,$1/hr,No Max
40.440614000860800,-79.98912557959560,$1.50/hr,No Max
40.4257766918475,-79.97709184885030,$1.50/hr,No Max
40.44004751770410,-80.00651836395260,$4/hr,No Max
40.46612818717060,-79.95310270552260,$1/hr,2 HRS
40.47157200000000,-79.95954541104500,$1/hr,2 HRS
40.44404648048650,-79.9586221575737,$3/hr,No Max
40.452405635725000,-79.98238772023770,$1.50/hr,2 HRS
40.458275886177600,-79.92231886871720,$1.50/hr,2 HRS
40.438695020715200,-79.98981868982460,$1.50/hr,2 HRS
40.438219338883600,-79.99494768220900,$4/hr,No Max
40.42898227697660,-79.98648762702940,$1.50/hr,No Max
40.43706411291150,-79.98668920982170,$1.50/hr,2 HRS
40.4095292987825,-80.02474846691710,$1/hr,2 HRS
40.42172215989540,-79.99502608615680,$1/hr,No Max
40.45380987503370,-79.99939700000000,$1/hr,2 HRS
40.45479858188280,-79.94189400000000,$1.50/hr,4 HRS
40.438736932969500,-79.94574218988420,$1.50/hr,3 HRS
40.434539112803100,-79.92275679017830,$1.50/hr,2 HRS
40.441000839769100,-80.00596314668660,,
40.44783292580520,-80.00280350446700,$3/hr,No Max
40.442492490514700,-79.95889049012480,$3/hr,No Max
40.46117887775770,-79.92672005522540,$1/hr,No Max
40.46422731995950,-79.96605100483520,$1/hr,4 HRS
40.46331854384470,-79.95040618650820,$1/hr,No Max
40.446687829263100,-79.9576860666275,$3/hr,No Max
40.44520591065980,-79.95594263076780,$3/hr,No Max
40.472516870613200,-79.95914448098560,$1/hr,2 HRS
40.45168996155260,-79.95195418596270,,
40.44600747059110,-80.01118857845690,$3/hr,No Max
40.462194158990600,-79.95020305827760,$1/hr,2 HRS
40.45010020019750,-80.00567829605640,$1/hr,No Max
40.43886350145720,-79.94470417499540,,
40.44219584157400,-79.98801541321880,$1.50/hr,No Max
,,,
40.442271574606,-79.9561008810997,$3/hr,No Max
40.45082763797910,-79.985401317791,$1.50/hr,2 HRS
40.4446690643158,-79.95506823062900,,
40.45223509150050,-80.01548804662710,$1/hr,2 HRS
40.391940147579100,-80.0171365870483,$1/hr,2 HRS
,,,
40.44280333683410,-79.9533462524414,$3/hr,No Max
40.44844016605520,-80.00424385070800,$3/hr,No Max
40.429372245380300,-79.98564004898070,$1/hr,No Max
40.44350962488240,-79.99605774879460,$4/hr,No Max
40.440984100586900,-80.03438329693380,$1/hr,2 HRS
40.45397037981330,-80.00390879629520,$1/hr,No Max
40.43824698812790,-80.01901745796200,$1/hr,2 HRS
40.44377192939200,-79.95900169014930,$3/hr,No Max
40.425944121094300,-79.9776041507721,$1.50/hr,No Max
40.438594032777700,-80.00216513872150,$4/hr,No Max
40.43453306233530,-79.92297113894730,$1.50/hr,2 HRS
40.43798159988170,-80.01851856708530,$1/hr,2 HRS
40.456244934993900,-79.93776308629990,$1.50/hr,4 HRS
40.4451814158629,-79.95703160762790,$3/hr,No Max
40.45786221548870,-79.92508200000000,$1.50/hr,2 HRS
40.45966330007650,-79.92438298147580,$1.50/hr,2 HRS
40.44682458869960,-80.01328825950620,$3/hr,No Max
40.43889366860690,-79.99155937927190,$1.50/hr,2 HRS
40.45375254548850,-80.00190702331350,$1/hr,4 HRS
,,,
40.44060889743030,-79.94255304336550,$2.50/hr,No Max
40.43859358007500,-79.92013204662700,$1/hr,No Max
40.46520274593340,-79.96552529186830,$1/hr,4 HRS
40.44177941010360,-80.03262805937080,$1/hr,2 HRS
40.4572334444012,-79.9406442493364,,
40.42838200705660,-79.97246772050860,$1.50/hr,No Max
,,,
40.45139844194580,-79.95386531579240,$3/hr,No Max
40.4271954602152,-79.9685745500301,$1.50/hr,No Max
40.44240528105150,-79.99534696340560,$4/hr,No Max
40.45360344318920,-79.94754031779100,$1.50/hr,2 HRS
40.46014624293390,-79.94606288343240,$1/hr,2 HRS
40.42873114429460,-79.98480588197710,$1.50/hr,No Max
40.4396616940106,-79.94366347789760,$1.75/hr,No Max
40.45362369304400,-79.99939788343240,$1/hr,2 HRS
,,,
40.443037678290600,-79.98147404190600,$1/hr,2 HRS
40.3848306563963,-79.97706974853830,$1/hr,No Max
40.42747138327580,-79.96522307395940,$1.50/hr,No Max
40.472446213922200,-79.95896936441800,$1/hr,2 HRS
40.445448816912100,-80.01300394535070,,
40.45180067031660,-79.98451131779100,,
40.4294192047737,-79.98056262731550,$1/hr,No Max
40.44250938817610,-79.93814617395400,$1.75/hr,No Max
40.4498913827351,-79.98724889814750,,
40.44300105974700,-79.99549856420340,$4/hr,No Max
40.44358106979180,-79.96608406305310,$1.50/hr,No Max
40.430998308750700,-80.00727142212780,$1/hr,2 HRS
40.43877300000000,-79.98889356564140,$1.50/hr,2 HRS
40.44166121661410,-79.94080021977420,$1.75/hr,No Max
40.43828373417250,-79.94700282812120,,
,,,
40.44282374988760,-80.00422239303590,$4/hr,No Max
40.42761430710640,-79.9657541513443,$1.50/hr,No Max
40.44140461961810,-80.03325676914760,$1/hr,2 HRS
40.44466673962920,-79.95685329671690,$3/hr,No Max
40.43813999169210,-79.92165934110450,$1.50/hr,2 HRS
40.44381173426700,-79.96624231338500,$1.50/hr,No Max
40.4427481239223,-80.00233668220900,$4/hr,No Max
40.46182163345040,-79.92639796608180,$1.50/hr,2 HRS
40.46237377608910,-79.94636763558200,$1/hr,4 HRS
40.44034966896060,-80.00258072883610,$4/hr,No Max
40.46056550958200,-79.94685393005940,$1/hr,2 HRS
40.456479509793500,-79.94039332863400,$1/hr,2 HRS
40.43837151616010,-79.98220896717610,$1.50/hr,No Max
40.43980697360400,-80.00418355699370,,
40.42895573454230,-79.97904181480410,$1.50/hr,No Max
40.4425757308675,-79.95566233992580,$3/hr,No Max
40.441305001780200,-79.95742052793500,$3/hr,No Max
40.43811909635050,-79.91979134110450,$1.50/hr,2 HRS
40.441374407683900,-79.95668292045590,$3/hr,No Max
40.44600811032370,-79.95052993297580,$3/hr,No Max
,,,
40.43844087568590,-79.92240972023770,$1/hr,No Max
40.46438994298410,-79.95247560746070,$1/hr,2 HRS
40.46129821511970,-79.94809436441800,$1/hr,2 HRS
,,,
40.4604685084999,-79.94666101471520,$1/hr,2 HRS
,,,
40.4612102054533,-79.94838811656760,$1/hr,2 HRS
40.45200509157950,-80.01609668220900,$1/hr,2 HRS
,,,
40.432780225455200,-79.92275268220900,$1.50/hr,2 HRS
40.43346033086520,-79.9230753411045,$1.50/hr,2 HRS
40.42741013011250,-79.96784627437590,$1.50/hr,No Max
40.469478014368000,-79.9611719067459,$1/hr,2 HRS
,,,
40.43865824859030,-79.99311389660810,$1.50/hr,2 HRS
,,,
40.44703654664240,-80.01400127116390,$3/hr,No Max
40.414085220489100,-79.98832695186140,$1/hr,2 HRS
40.43886266859940,-79.99409582877180,$1.50/hr,2 HRS
40.46039120260990,-79.92733634110450,$1.50/hr,2 HRS
40.43771666940930,-79.98478963558200,$1.50/hr,2 HRS
40.42910273866200,-79.98332530260090,$1.50/hr,No Max
40.44720016542190,-79.9538505077362,$3/hr,No Max
40.457616000000000,-79.92524682209010,$1.50/hr,2 HRS
40.43669344355230,-79.92299384540370,$1.50/hr,2 HRS
40.44210520667270,-79.99613285064700,$4/hr,No Max
40.437876548215900,-79.98775231779100,$1.50/hr,2 HRS
40.45209961647200,-80.00330615042000,$1/hr,No Max
40.462058417148700,-79.92621065889550,$1.50/hr,2 HRS
40.427381545283900,-79.96434062719350,$1.50/hr,No Max
40.428904092996900,-79.981034317791,$1.50/hr,No Max
40.44306462345090,-79.99649494886400,$4/hr,No Max
40.43549798588740,-79.99447460291780,$4/hr,No Max
40.466596478549900,-79.96454896778690,$1/hr,4 HRS
40.4420500908248,-79.96106833219530,$3/hr,No Max
40.44075791744300,-79.94189590215680,$2.50/hr,No Max
40.46299918871660,-79.95133322453690,$1/hr,2 HRS
,,,
40.4288066883707,-79.97305512428280,$1.50/hr,No Max
40.428700518293600,-79.98587876558300,$1.50/hr,No Max
40.46593616241260,-79.95312410339180,$1/hr,2 HRS
40.452021227107800,-80.00132670552260,$1/hr,4 HRS
40.442187880359700,-79.9513292312622,,
40.429737129797900,-80.00731197652160,$1/hr,2 HRS
40.445552990259500,-80.01315038773160,$3/hr,No Max
40.42804920203710,-79.9667277932167,$1.50/hr,No Max
40.45521248487060,-79.94110757252620,$1.50/hr,4 HRS
40.428499203020800,-79.98065489528930,$1.50/hr,No Max
40.44023940802870,-79.99681949615480,$4/hr,No Max
40.451278205242200,-79.98425000000000,$1.50/hr,2 HRS
40.46304947210450,-79.92641430337240,$1/hr,No Max
40.43560533072700,-79.92294500000000,$1.50/hr,2 HRS
40.44155098414510,-79.94719862937930,$2.50/hr,No Max
40.44681438278110,-79.95144724845890,$3/hr,No Max
40.47187087076580,-79.95960868220900,$1/hr,2 HRS
40.46525374460760,-79.94456925991470,$1/hr,2 HRS
40.44552192822030,-79.99279340244680,$1.50/hr,2 HRS
,,,
40.43923708124890,-80.00243872404100,$4/hr,No Max
40.44552638342960,-79.94886428117750,$3($2.50 after 2pm)/hr,No Max
40.45044539711250,-79.98479669178770,$1.50/hr,2 HRS
40.439998524342000,-79.99759197235110,$4/hr,No Max
40.44837651168200,-79.98964166004940,$1.50/hr,2 HRS
,,,
40.42860557760190,-79.96792674064640,$1.50/hr,No Max
,,,
40.44116381390110,-79.98617382877180,$1.50/hr,No Max
40.46349722714610,-79.92553045767220,,
40.45201206153910,-79.98416848304080,,
40.4625639934541,-79.92667662202080,$1.50/hr,2 HRS
40.438506251080700,-79.98282051083150,$1.50/hr,No Max
40.3846830844049,-79.97808346151490,$.50/hr,2 HRS
40.446633339967600,-80.00790272883600,$3/hr,No Max
40.44740224115950,-80.0038468837738,$3/hr,No Max
40.42751017691700,-79.96892988681790,$1.50/hr,No Max
40.43795506106170,-80.0039890408516,$4/hr,No Max
40.440453752956500,-79.99833226203920,$4/hr,No Max
40.437766792707800,-79.9241852883606,$1/hr,No Max
40.43861491713440,-79.91971131779100,$1/hr,No Max
40.44589992619470,-79.953453540802,$3/hr,No Max
40.45572968246540,-79.9547796249226,,
40.44857590136080,-79.95290368795400,$3/hr,No Max
40.45141694111100,-79.98335902775570,$1.50/hr,2 HRS
40.44924947100210,-79.95140433311460,,
40.46163875921770,-79.92513400000000,$1.50/hr,2 HRS
40.4426686105254,-79.9642413854599,$3/hr,No Max
40.432238901637600,-79.92341965889550,$1.50/hr,2 HRS
40.43882562716450,-79.9931906203509,$1.50/hr,2 HRS
40.452114022024700,-80.00368065889550,,
40.42927628477860,-79.98665794730190,$1.50/hr,No Max
40.43889557341090,-79.9227133411045,$1.50/hr,2 HRS
,,,
,,,
40.43897782117670,-80.00201225280760,,
40.443013590988400,-80.00221073627470,,
40.455562043993500,-79.89687910306200,$1/hr,No Max
40.4521190566019,-79.98256509388730,$1.50/hr,2 HRS
40.447918654173100,-80.00408828258510,$3/hr,No Max
40.4110882582754,-79.9901394546032,$1/hr,2 HRS
40.45520532743400,-79.94478148304090,,
40.45114587684340,-79.98512500000000,$1.50/hr,2 HRS
40.44405844465270,-79.95612910028290,$3/hr,No Max
40.449637127116400,-79.9862692245369,$1.50/hr,2 HRS
40.45520867053620,-80.00239425644870,$1/hr,4 HRS
40.441447896209600,-79.95817959308620,$3/hr,No Max
40.46131964535450,-79.9241466588955,$1.50/hr,2 HRS
40.441931693665500,-79.95029121637340,$3/hr,No Max
40.44418415410660,-79.9968919300594,$4/hr,No Max
40.456481616176000,-79.93051362698360,$1.50/hr,3 HRS
40.44725731821740,-79.9508786201477,$3/hr,No Max
40.44638505232330,-79.95216876268390,$3/hr,No Max
,,,
40.45413489401570,-80.00561070435650,$1/hr,No Max
40.438306190040700,-80.00135779380800,$4/hr,No Max
40.44050924825310,-80.00309895337300,$4/hr,No Max
40.461697959268300,-79.94683134409370,$1/hr,2 HRS
40.4569193293539,-79.93673163558200,,
40.46282518606190,-79.94659263558200,$1/hr,4 HRS
40.45822801466720,-79.92778629447750,$1.50/hr,3 HRS
40.43334202079650,-79.92291624070190,$1.50/hr,2 HRS
,,,
40.43881721753370,-79.9865370785389,$1.50/hr,2 HRS
40.45829670736390,-79.93030020122340,$1.50/hr,4 HRS
40.45715143113090,-79.93473041104510,$1.50/hr,4 HRS
40.44777577349920,-80.00426530838010,$3/hr,No Max
40.4414070692608,-79.99963045120240,,
,,,
40.450100608439200,-79.95537132024770,,
40.43912276197020,-80.00405073165890,$4/hr,No Max
40.44701993823370,-80.01425720678370,$3/hr,No Max
40.40920476165250,-80.02445397435620,$1/hr,2 HRS
40.44770841536190,-79.94952142238620,$3/hr,No Max
40.42828809972740,-79.92495782209020,$1.50/hr,2 HRS
40.439292573572900,-79.98600365889550,$1.50/hr,No Max
40.43913616566860,-80.0015771165676,$4/hr,No Max
40.448440804107800,-79.98954374355130,,
40.44307278864130,-79.95191395282750,$3/hr,No Max
40.461178797633100,-79.92594947238730,$1.50/hr,2 HRS
40.44440982519250,-80.00108689069750,$4/hr,No Max
40.41108391545850,-80.02438691913090,$1/hr,No Max
40.438835000000000,-79.98995768982460,$1.50/hr,2 HRS
,,,
40.45582893879360,-79.91634973886900,$2/hr,No Max
40.44969851367920,-79.9535071849823,,
40.43890228852670,-80.00564932823180,$4/hr,No Max
40.45197521612100,-80.00935895337300,$1/hr,No Max
,,,
40.46091146839940,-79.9478809755094,$1/hr,2 HRS
40.464766050700500,-79.96562721581090,$1/hr,4 HRS
40.38550847945260,-79.97849652170320,$.50/hr,2 HRS
40.453630659131900,-80.00264863558200,$1/hr,No Max
40.46486194370570,-79.94243422153890,$1/hr,2 HRS
40.461593244410800,-79.92772613988110,$1/hr,No Max
40.441361411027200,-79.99659606817660,$4/hr,No Max
40.441303981104600,-79.9578121304512,$3/hr,No Max
40.44570192837560,-79.95022416114810,$3/hr,No Max
40.4467592707945,-80.01242995262150,$3/hr,No Max
40.44381173426700,-79.95900437235830,,
40.441445446568500,-80.03351962563100,$1/hr,2 HRS
40.43315088725670,-79.96525500000000,Multi-Rate,No Max
40.428904691370100,-79.98149871826170,$1.50/hr,No Max
40.42786544395880,-79.97021198272710,,
40.42807370307630,-79.96581584215160,$1.50/hr,No Max
40.46186198710700,-79.92710577546310,,
40.45317722720710,-79.94798668220900,$1.50/hr,2 HRS
,,,
40.443497377176000,-79.95363593101500,$3/hr,No Max
40.44620814844310,-79.94886964559560,$3($2.50 after 2pm)/hr,No Max
40.42824521010070,-79.98539328575130,$1.50/hr,No Max
40.43751410579290,-79.96266424655910,$3/hr,No Max
40.49000215337430,-80.01855611801150,$1/hr,No Max
40.45646944312760,-80.00704634110450,$1/hr,2 HRS
40.45867388616060,-79.9222407521496,$1.50/hr,2 HRS
40.445669000000000,-80.01383175929820,$3/hr,No Max
40.43527253846010,-79.99389857053760,$4/hr,No Max
40.45141922705600,-79.91935093005940,$1/hr,No Max
40.45123389737610,-79.93345420122340,$1.50($2 after 2pm)/hr,2 HRS
40.428835272593600,-79.98023003339770,$1.50/hr,No Max
,,,
40.42876177028160,-79.98311072587970,$1.50/hr,No Max
40.42857597241260,-79.97887820005420,$1.50/hr,No Max
,,,
40.46003406117360,-79.92450727625730,$1.50/hr,2 HRS
40.45624432876550,-79.94058690426450,$1/hr,2 HRS
40.454443588423400,-79.94454190135000,$1.50/hr,2 HRS
40.45674579630000,-79.9300952245369,$1.50/hr,3 HRS
40.45238438903440,-79.98197500790410,$1.50/hr,2 HRS
40.422869219245500,-79.92884436441800,$1.50/hr,2 HRS
40.443909715397400,-79.95739907026290,$3/hr,No Max
40.44360334894500,-79.98773264418030,,
40.42832075472270,-79.98029977083210,$1/hr,No Max
40.44129275367220,-79.9567312002182,$3/hr,No Max
40.465664255545900,-79.95449393005940,$1/hr,2 HRS
40.44690021756760,-79.99164051859630,$1.50/hr,2 HRS
40.428410591459900,-79.98523503541950,$1.50/hr,No Max
40.42657708155400,-79.96603578329090,$1.50/hr,No Max
40.45095735131390,-80.01126600000000,$1/hr,No Max
40.45410798860600,-79.99998836441800,$1/hr,No Max
40.448460570160100,-79.98816315459640,$1.50/hr,2 HRS
40.453897659097500,-80.00941743435860,$1/hr,No Max
,,,
40.45871200000000,-79.92206897668650,$1.50/hr,2 HRS
40.43603836232810,-79.98660327116400,$1.50/hr,2 HRS
40.454336227306700,-79.99938498528480,$1/hr,2 HRS
40.426701631136700,-79.96405899524690,$1.50/hr,No Max
40.45176600000000,-79.93323038773160,$2/hr,No Max
40.44474050799300,-79.96560662984850,$1.50/hr,No Max
40.43414604156860,-79.92300858643270,$1.50/hr,2 HRS
40.45755234137460,-80.00775129447740,$1/hr,2 HRS
40.44905760639790,-79.9503743648529,$3/hr,No Max
40.460893713243100,-79.9474619067459,$1/hr,2 HRS
40.45189046166610,-79.98288159455110,$1.50/hr,2 HRS
40.44607138775240,-79.95161890983580,$3/hr,No Max
40.43260200000000,-79.92302882713450,$1.50/hr,2 HRS
40.43774278235170,-79.98536100000000,$1.50/hr,2 HRS
40.42887189395950,-79.9240259067459,$1.50/hr,2 HRS
40.42934161967120,-79.98058140277860,$1/hr,No Max
40.44791048957140,-79.96546983718870,,
40.439879082789100,-80.00105348098570,$4/hr,No Max
40.44945562278550,-79.9554169178009,$3/hr,No Max
40.428700518293600,-79.97610211372380,$1.50/hr,No Max
40.429541907364700,-79.922458,$1.50/hr,2 HRS
40.442853348804200,-79.99850794672970,$4/hr,No Max
,,,
40.429235450438600,-79.98989939689640,$1.50/hr,No Max
40.44467110556480,-79.95094299316410,$3/hr,No Max
40.45372702264830,-79.99878063558200,$1/hr,2 HRS
40.44456087803160,-79.96558248996730,$1.50/hr,No Max
40.428622932362000,-79.97788041830060,$1.50/hr,No Max
40.453941363005200,-79.99875202775000,$1/hr,2 HRS
,,,
40.450568546035600,-80.01395302331360,$1/hr,4 HRS
40.455512971160900,-79.9159867018625,$2/hr,No Max
40.44017306303170,-79.95658233761790,$3/hr,No Max
,,,
40.43878177214810,-79.99183510339190,$1.50/hr,2 HRS
,,,
40.4386511129796,-79.98875941104510,$1.50/hr,2 HRS
,,,
,,,
40.45649754501680,-79.93692004662710,$1.50/hr,4 HRS
40.43756633879940,-79.98471265889550,$1.50/hr,2 HRS
40.44576928852380,-79.95493680238720,,
40.429138264597000,-80.00662672518050,$1/hr,2 HRS
40.45421734886000,-79.95455002781460,,
,,,
,,,
40.44766350989950,-79.95780408382420,$3/hr,No Max
40.44597854682410,-79.99251727116390,,
40.44441417487750,-79.99604195337290,$4/hr,No Max
40.44076110425530,-79.99354465889550,$4/hr,No Max
40.44426897832050,-79.96605187654500,$1.50/hr,No Max
40.44643063912150,-79.95289027690890,$3/hr,No Max
40.43791533057820,-79.9851795509262,$1.50/hr,2 HRS
40.44601724347880,-80.01045222875410,$3/hr,No Max
40.454329569969600,-79.98186845767210,$1.50/hr,2 HRS
40.45304975652660,-79.98101477707670,$1.50/hr,2 HRS
40.42888835754680,-79.9825769662857,$1.50/hr,No Max
40.42918849091680,-79.97698456048970,$1/hr,No Max
40.44174797352270,-79.93992179632190,$1.75/hr,No Max
40.44122906344920,-80.033696651426,$1/hr,2 HRS
40.451993000000000,-79.93288672883600,$2/hr,No Max
40.4700677713421,-79.9608303411045,$1/hr,2 HRS
40.43962874812690,-79.99515524136770,$4/hr,No Max
40.42583794649840,-79.97808426618580,$1.50/hr,No Max
40.463426998825600,-79.92313664428370,$1.50/hr,2 HRS
40.46232865801090,-79.9229447987766,,
40.44060481468550,-79.95712280273440,$3/hr,No Max
40.43851500000000,-79.98561470552260,$1.50/hr,2 HRS
40.44301971488590,-79.95948851108550,$3/hr,No Max
40.44725323587650,-79.94922637939450,$3/hr,No Max
40.428261544080200,-79.97638642787930,,
40.460500215205400,-79.9262636588955,$1.50/hr,2 HRS
40.44712668318480,-80.01059532165530,$3/hr,No Max
40.45742783263910,-79.9293290491085,$1.50/hr,3 HRS
40.454035318160600,-79.99912227116400,$1/hr,2 HRS
40.43978977394340,-80.00216002331350,$4/hr,No Max
40.43902681528270,-79.94404703378680,,
40.46590063615880,-79.96502640099150,$1/hr,4 HRS
40.44143564812760,-79.94163036346440,$2.50/hr,No Max
40.46271009895030,-79.92352638409610,$1/hr,No Max
40.42847184371200,-79.9743801355362,$1.50/hr,No Max
40.44255633839530,-79.99690532684330,$4/hr,No Max
40.443193225084700,-79.95208024978640,$3/hr,No Max
40.44304931371620,-79.9618273973465,,
40.45595280781860,-79.93806344907380,$1.50/hr,4 HRS
40.464755830568100,-79.94165638092450,$1/hr,2 HRS
40.45665093867250,-79.9358718966082,,
40.45022087864430,-79.98512392128750,$1.50/hr,2 HRS
40.43859837290270,-79.92052231779100,$1/hr,No Max
40.427963448329700,-79.97116416692730,$1.50/hr,No Max
40.44099063296640,-79.94433403015140,$2.50/hr,No Max
40.43702006913990,-80.0007677078247,$4/hr,No Max
40.45281853450650,-80.00908565889550,$1/hr,No Max
40.44716750665980,-80.01119613647460,$3/hr,No Max
40.40897378660310,-80.02481283993350,$1/hr,2 HRS
40.43454983142200,-79.99180108308790,,
40.44190107367660,-79.95051518082620,,
40.45963859152430,-79.94509849570090,$1/hr,2 HRS
40.42898723960010,-80.0069361459191,$1/hr,2 HRS
40.444248565705900,-79.94981914758680,,
40.44528143622720,-79.94909763336180,$3($2.50 after 2pm)/hr,No Max
40.45069456127200,-79.95394706726070,$3/hr,No Max
40.42767556008370,-79.96952265501020,$1.50/hr,No Max
40.42824418922680,-79.98630657792090,$1.50/hr,No Max
40.44628571408430,-79.9571818113327,$3/hr,No Max
40.470058099850400,-79.96062031779100,$1/hr,2 HRS
40.43930768941320,-79.99868300000000,,
40.44661638765580,-80.01344919204710,$3/hr,No Max
40.43817962050380,-80.00143021345140,$4/hr,No Max
40.42876585374550,-79.98381614685060,$1.50/hr,No Max
,,,
40.446683066408600,-79.9513104557991,$3/hr,No Max
40.438263110095100,-79.99817269559670,$4/hr,No Max
40.457972632398100,-79.93137382713450,$1.50/hr,4 HRS
40.45236501133040,-79.95028252714750,$3/hr,No Max
40.44809827516080,-79.94979500770570,$3/hr,No Max
40.44816469143040,-79.99016856068870,,
40.46587397266520,-79.94856700000000,$1/hr,4 HRS
40.42184467652590,-79.99418655473520,$.50/hr,2 HRS
,,,
40.458633658487100,-79.92520665889550,$1.50/hr,2 HRS
40.43795781346310,-79.91977310339180,$1.50/hr,2 HRS
40.46222521502010,-79.924412317791,,
40.410208953874600,-80.02479319276060,$1/hr,2 HRS
40.45256835183290,-79.9827420932541,$1.50/hr,2 HRS
40.438340894549500,-79.99971359968190,,
40.444007696385100,-79.95425552129750,$3/hr,No Max
40.42718233021550,-79.9684732687274,$1.50/hr,No Max
40.4277694812072,-79.96914714574810,$1.50/hr,No Max
40.45687425077990,-79.94000588359090,,
40.44166427862450,-79.93974477052690,$1.75/hr,No Max
40.436757443550900,-79.98653181349180,$1.50/hr,2 HRS
40.46014349331570,-79.9274115889549,$1.50/hr,2 HRS
,,,
40.39253577741630,-80.01826643943790,$1/hr,2 HRS
40.44948828043570,-79.95560199022290,,
40.440585421644700,-79.9566051363945,$3/hr,No Max
,,,
40.45183421613610,-80.01764997668650,$1/hr,2 HRS
40.459840522657200,-79.92859890728140,$1.50/hr,2 HRS
40.438724062144400,-79.99065268982450,$1.50/hr,2 HRS
40.45751304192210,-79.93343944912270,$1.50/hr,4 HRS
40.45346218978370,-79.95429468148360,,
40.446469421824900,-79.96577024459840,$1.50/hr,No Max
,,,
40.458131418751400,-79.93147100000000,$1.50/hr,4 HRS
40.434885233318500,-79.9223723411045,$1.50/hr,2 HRS
40.462906831096800,-79.92625819741440,$1.50/hr,2 HRS
40.45100806158480,-79.93480565889550,$1.50($2 after 2pm)/hr,2 HRS
40.45168489738840,-79.9192451165676,$1/hr,No Max
40.4469144007154,-80.01150727272030,$3/hr,No Max
40.461695455878400,-79.94877868220900,$1/hr,2 HRS
40.44715730079340,-79.94774580001830,,
40.42802061748020,-79.96818825602530,$1.50/hr,No Max
40.40882080334280,-80.02485630570850,$1/hr,2 HRS
,,,
40.39592855105970,-80.02290537591760,$1/hr,2 HRS
40.438539,-79.92307082209020,$1.50/hr,2 HRS
40.439957660893600,-79.99109865889550,$1.50/hr,2 HRS
40.451924000000000,-80.0137294343586,$1/hr,No Max
,,,
40.43841438639140,-79.98302972313470,$1.50/hr,No Max
40.42953939523470,-79.92287986269000,$1.50/hr,2 HRS
40.451513984100400,-79.98298358018300,$1.50/hr,2 HRS
40.439018649600900,-79.99922811985020,$4/hr,No Max
,,,
40.44111188967060,-80.03445196150100,$1/hr,2 HRS
40.39649752800830,-79.98761790989190,$.50/hr,2 HRS
,,,
40.444107718496000,-79.9507150053978,$3/hr,No Max
40.44465449213360,-79.95670845743010,$3/hr,No Max
40.46699235047590,-79.96407689900030,$1/hr,4 HRS
40.428569847199300,-79.97553884983060,$1.50/hr,No Max
40.44551005364390,-79.94876503944400,$3($2.50 after 2pm)/hr,No Max
40.39351682297930,-80.01987194286,$1/hr,2 HRS
40.435874667873600,-79.92369731779100,$1/hr,No Max
40.46287604366160,-79.94725870552250,$1/hr,4 HRS
40.44336767909470,-79.98779264418030,$1.50/hr,No Max
40.466639330778200,-79.96436121315580,$1/hr,4 HRS
40.432418334072100,-79.96355127625730,Multi-Rate,No Max
40.45396421590740,-80.0027319766865,$1/hr,No Max
40.44613767464650,-80.01036371585660,$3/hr,No Max
40.45154241473020,-80.00753599403650,$1/hr,No Max
40.45639865877520,-80.006813317791,$1/hr,2 HRS
40.437904024720300,-80.00028491020200,$4/hr,No Max
40.45694874091950,-79.92912080849420,$1.50/hr,3 HRS
40.43481319166600,-79.99268621206280,$4/hr,No Max
40.43983113008520,-79.94665950536730,$1.50/hr,3 HRS
40.44239099182580,-79.95191797614100,$3/hr,No Max
40.429843549595600,-80.00790468220900,$1/hr,No Max
40.44819216775880,-79.95305389165880,,
40.44040884264730,-79.94169741868970,$2/hr,No Max
40.46230745598360,-79.94967815459630,$1/hr,2 HRS
40.437960840449900,-79.9225041817188,$1.50/hr,2 HRS
40.39269280087950,-80.01879858807000,$1/hr,2 HRS
40.4439423757425,-79.9954703450203,$4/hr,No Max
40.43816533056210,-79.98826413128280,$1.50/hr,2 HRS
40.44857590136080,-79.95253622531890,,
40.44645935945670,-79.99140941964340,$1.50/hr,2 HRS
40.439255453972000,-79.94651198387150,$1.50/hr,3 HRS
40.45366554550350,-80.00013968220900,$1/hr,2 HRS
40.438851252904300,-80.00332653522490,$4/hr,No Max
40.42985678150520,-80.00741275214960,,
40.43862000000000,-79.98792804662710,$1.50/hr,2 HRS
40.454198572009600,-80.00400996204920,$1/hr,No Max
40.45504871063960,-79.94112719147110,$1.50/hr,4 HRS
40.469105885712300,-79.96165629447750,$1/hr,2 HRS
40.46474564431180,-79.96583642811400,$1/hr,4 HRS
40.435057887174800,-79.92274724785050,$1.50/hr,2 HRS
40.43228622541270,-79.92282170552260,$1.50/hr,2 HRS
40.447746176750200,-80.00328227877620,$3/hr,No Max
40.46619750217050,-79.95271772883610,$1/hr,2 HRS
,,,
40.45410634093050,-79.94494134110450,$1.50/hr,2 HRS
40.44594483283540,-79.95282053947450,$3/hr,No Max
40.42718961826290,-79.96781408786770,$1.50/hr,No Max
40.441477148939400,-80.00595790674590,$4/hr,No Max
40.463631446076900,-79.96664109081850,$1/hr,4 HRS
40.46274708177520,-79.92411956191060,$1.50/hr,2 HRS
40.45713400000000,-80.00732465590640,$1/hr,2 HRS
40.46337832893770,-79.923850317791,$1.50/hr,2 HRS
40.442913567249400,-79.96170401573180,$3/hr,No Max
40.462775962195100,-79.94598202331350,$1/hr,4 HRS
40.428190082890500,-79.96715694665910,$1.50/hr,No Max
40.46303926865010,-79.9219725655712,$1.50/hr,2 HRS
40.45561353870990,-79.9397621226845,$1.50/hr,4 HRS
40.43007377477780,-80.00748024785040,$1/hr,No Max
40.45586900000000,-80.00687629447750,$1/hr,2 HRS
,,,
40.394654299732700,-80.0214202099275,$1/hr,2 HRS
40.45369911362590,-80.00074238773150,$1/hr,2 HRS
40.428622932362000,-79.97665464878080,$1.50/hr,No Max
40.44217154976290,-79.95299890637400,$3/hr,No Max
40.44708790086070,-79.94857728481290,$3/hr,No Max
40.459918632187700,-79.9456365656414,$1/hr,2 HRS
40.45206645422380,-79.98213909325410,$1.50/hr,2 HRS
40.444595579311500,-79.95785504579540,$3/hr,No Max
40.451163437993400,-79.95146613589900,$3/hr,No Max
40.44074056581460,-79.96419042348860,$3/hr,No Max
40.444173184046000,-79.95534718036650,,
40.45331279526770,-80.00434231779100,$1/hr,4 HRS
40.46789038274770,-79.96344476938250,$1/hr,4 HRS
40.438126426914000,-79.9223416588955,$1.50/hr,2 HRS
40.442048049496200,-79.95752513408660,$3/hr,No Max
40.43955524842690,-80.00157861226840,$4/hr,No Max
40.428512678515700,-79.97779458761220,$1.50/hr,No Max
40.45324944319680,-80.00919350429920,$1/hr,No Max
,,,
40.442187676277100,-79.98869132989060,$1.50/hr,No Max
40.45038921709120,-80.00419664381300,$1/hr,No Max
40.44024116595600,-80.00102391477410,$4/hr,No Max
40.453906555515100,-79.9817858266033,$1.50/hr,2 HRS
40.44206335945900,-79.96319264173510,$3/hr,No Max
40.445346835086800,-79.99313436441800,$1.50/hr,2 HRS
,,,
40.466255045475900,-79.95121268220900,$1/hr,4 HRS
40.461875382599400,-79.9493387374344,$1/hr,2 HRS
40.41358080075680,-79.98868368566040,$1/hr,2 HRS
40.48915437734180,-80.01798319814950,$1/hr,2 HRS
40.42869643482570,-79.9841621518135,$1.50/hr,No Max
,,,
40.438851252904300,-79.96184885501860,$3/hr,No Max
40.46500478804920,-79.94350174072680,$1/hr,2 HRS
,,,
40.452849670384200,-80.00162657423970,$1/hr,4 HRS
40.43279658253920,-79.92258678769680,$1/hr,No Max
40.451536353990100,-79.95297010062130,$3/hr,No Max
40.45278376169030,-79.94938468220900,$1.50/hr,2 HRS
40.441109031783100,-80.00365912914280,$4/hr,No Max
40.44541003361980,-79.95683312416080,,
40.428857731617400,-79.98576879501340,$1/hr,No Max
40.44194105309140,-80.00448064418030,$4/hr,No Max
40.43916665243060,-79.94417443871500,$1.75/hr,No Max
40.38631241267780,-79.97987920045030,$.50/hr,2 HRS
40.431956105578600,-79.92328397668650,$1.50/hr,2 HRS
40.45298391795830,-80.00308446586130,$1/hr,No Max
40.46167502243860,-79.94925282209020,$1/hr,2 HRS
40.46233057252160,-79.9458593411045,$1/hr,4 HRS
40.45879464616810,-79.92923970552260,$1.50/hr,4 HRS
40.44857590136080,-79.96110051870350,,
40.451803164129800,-79.93200136441810,$1.50($2 after 2pm)/hr,2 HRS
40.46225879894240,-79.92403586871720,$1.50/hr,2 HRS
40.42229633158410,-79.92878044907380,$1.50/hr,2 HRS
40.44402314444060,-79.99841044907380,$4/hr,No Max
40.409768441159800,-80.02447543202830,$1/hr,2 HRS
40.44581766013860,-80.01234968220900,$3/hr,No Max
40.43870835295550,-79.9445915222168,$1.75/hr,No Max
40.42838045015510,-79.9245518834324,$1.50/hr,2 HRS
40.45747995180010,-79.9330124258995,$1.50/hr,4 HRS
40.429016986297900,-79.98415678739550,$1.50/hr,No Max
40.44894126270100,-79.95203733444210,,
40.43726112442210,-79.99721600000000,$4/hr,No Max
40.4290476121548,-79.98046338558200,$1.50/hr,No Max
40.43835128223010,-79.99264768947980,$1.50/hr,2 HRS
40.4385102900537,-79.9224455656414,$1/hr,No Max
40.440764041546000,-79.94207292795180,$2.50/hr,No Max
40.44523448791150,-79.9485531449318,$3($2.50 after 2pm)/hr,No Max
40.46592079905920,-79.95462334110450,,
40.441300071835700,-80.00634209723670,$4/hr,No Max
40.427889945064900,-79.96959641575810,$1.50/hr,No Max
40.45748501552920,-79.9289541411045,$1.50/hr,3 HRS
,,,
40.46222648791480,-79.92730122488410,$1.50/hr,2 HRS
40.42870460176120,-79.98117417097090,$1.50/hr,No Max
40.43928199234090,-80.0028732419014,,
40.43876959582790,-80.00390857458120,$4/hr,No Max
40.44762454654140,-80.01418665889550,$3/hr,No Max
40.39508081234020,-80.02202353228800,$1/hr,2 HRS
40.434014041572600,-79.9228242407018,$1.50/hr,2 HRS
40.44084059278690,-79.95873749256130,$3/hr,No Max
40.45420663623740,-79.9993721165676,$1/hr,No Max
