Neighborhood,Latitude,Longitude,arrests_count,bike_station_count,crash_count,firearm_seizure_count,Neighborhood_2010_SQMILES,SNAP_All_csv_Median_Home_Value_,Med__Val____00_in__10_Dollars_,SNAP_All_csv_Median_Home__Value,SNAP_All_csv_Median_Sale_Price_,SNAP_All_csv_2009_Median_Income,F2009_Med__Income___13_Dollars_,Est__Percent_Under_Poverty__201,SNAP_All_csv__Part_1__Major_Cri,SNAP_All_csv_Part_1_Crime_per_1,SNAP_All_csv_Part_2_Crime_per_1,SNAP_All_csv__Murder__2010_,SNAP_All_csv__Rape__2010_,SNAP_All_csv__Robbery__2010_,F_Agr__Assault__2010_,SNAP_All_csv__Burglary__2010_,SNAP_All_csv__Auto_Theft__2010_,SNAP_All_csv__Drug_Violations__,SNAP_All_csv___Good___Excellent,SNAP_All_csv___Average_Conditio,SNAP_All_csv___Poor___Derelict_,SNAP_All_csv_Landslide_Prone___,SNAP_All_csv_Flood_Plain____lan,SNAP_All_csv_Park_Space____of_l,SNAP_All_csv_Woodland____of_lan,SNAP_All_csv_Cemetery____of_lan,SNAP_All_csv_Residential,parking_meter_count,parking_avg_rate,park_and_ride_count,Population (2010),Miles of Major Roads,Total Street Miles,Street Density (st. mi/area sq. mi),Total Working Pop. (Age 16+) (2010),Commute to Work: Drive Alone (2010),Commute to Work: Carpool/Vanpool (2010),Commute to Work: Public Transportation (2010),Commute to Work: Taxi (2010),Commute to Work: Motorcycle (2010),Commute to Work: Bicycle (2010),Commute to Work: Walk (2010),Commute to Work: Other (2010),Work at Home (2010)
Allegheny Center,40.4515765,-80.0053403,1242.0,42.0,0.0,16.0,0.21,"$86,500.00","$109,535.00","$136,300.00",0,20911,22793,34.0%,71,7.6,15.1,0,2,9,5,8,5,31,0,0,0,0.0%,0.2%,41.1%,0.0%,0.0%,0.0%,63.0,1.5396825396825398,0.0,933,2.2324254004743,4.141467313065,19.7212729193571,386,0.277202072539,0.0984455958549,0.168393782383,0.0,0.0,0.0,0.437823834197,0.0,0.0181347150259
Allegheny West,40.4507843,-80.0144032,129.0,38.0,0.0,16.0,0.141,"$159,700.00","$202,228.00","$123,600.00","$309,940.00",41761,45519,5.0%,38,8.2,10.6,1,0,4,6,6,4,12,72.0%,22.3%,5.7%,9.3%,2.3%,8.0%,4.2%,0.0%,42.1%,50.0,1.84,0.0,462,1.47162706658939,4.87084265369618,34.5449833595474,151,0.23178807947,0.205298013245,0.158940397351,0.145695364238,0.0,0.0,0.258278145695,0.0,0.0
Allentown,40.4191918,-79.9927314,945.0,0.0,0.0,67.0,0.295,"$34,300.00","$43,434.00","$42,200.00","$8,500.00",29274,31909,28.5%,159,6.4,10.1,0,2,15,23,48,11,66,2.5%,86.9%,10.6%,27.1%,0.0%,20.9%,12.3%,0.0%,54.6%,5.0,30.4,0.0,2500,1.64845133953521,12.3256888865864,41.7819962257168,824,0.469660194175,0.109223300971,0.379854368932,0.0,0.00849514563107,0.0,0.0,0.0145631067961,0.0182038834951
Arlington,40.4138332,-79.96327,309.0,0.0,0.0,28.0,0.47,"$38,800.00","$49,132.00","$44,200.00","$15,397.00",25119,27380,20.3%,50,2.7,4.5,0,1,8,5,15,7,9,0.3%,97.6%,2.1%,41.4%,1.5%,2.2%,29.4%,7.3%,43.7%,0.0,,0.0,1869,0.861571422159091,10.7342691644666,22.8388705626949,673,0.739970282318,0.072808320951,0.135215453195,0.0,0.0,0.0,0.0193164933135,0.00891530460624,0.0237741456166
Arlington Heights,40.41688,-79.9615214,154.0,23.0,0.0,8.0,0.132,"$45,000.00","$56,984.00","$64,400.00",0,9417,10265,57.7%,19,7.8,15.2,0,0,4,5,5,3,7,0,0,0,39.9%,0.0%,0.0%,41.8%,0.0%,56.5%,36.0,1.0,0.0,244,0.0,1.08646027946903,8.230759692947231,72,0.111111111111,0.0,0.888888888889,0.0,0.0,0.0,0.0,0.0,0.0
Banksville,40.4127817,-80.0357088,290.0,0.0,0.0,10.0,0.969,"$87,200.00","$110,421.00","$110,900.00","$101,431.00",50625,55181,5.8%,62,1.5,2.0,0,0,2,5,9,5,7,7.0%,92.8%,0.2%,6.3%,0.0%,2.7%,18.2%,0.0%,72.0%,0.0,,4.0,4144,5.98560452734958,18.3268850035522,18.9131940181137,2506,0.815243415802,0.0586592178771,0.116919393456,0.0,0.0,0.0,0.00678371907422,0.0023942537909,0.0
Bedford Dwellings,40.4512373,-79.9745804,662.0,0.0,0.0,69.0,0.179,"$17,200.00","$21,780.00","$81,100.00",$200.00,9992,10891,49.0%,42,3.5,6.7,0,0,7,8,8,2,25,0,0,0,33.6%,0.0%,7.6%,23.4%,0.0%,59.5%,0.0,,0.0,1202,0.973902586208466,4.4842530241671,25.0516928724419,305,0.367213114754,0.167213114754,0.337704918033,0.0,0.0,0.0,0.127868852459,0.0,0.0
Beechview,40.4126628,-80.0211465,1192.0,0.0,0.0,65.0,1.46,"$56,150.00","$71,103.00","$72,400.00","$36,068.00",36602,39896,18.3%,193,2.4,3.8,1,1,7,9,47,37,29,1.3%,98.1%,0.6%,19.1%,0.1%,2.1%,21.1%,0.7%,56.4%,9.0,1.0,0.0,7974,6.41974258374064,30.7475491405899,21.0599651647876,3909,0.550780250704,0.153491941673,0.211563059606,0.0,0.0,0.00562803786135,0.0526988999744,0.0,0.0258378101816
Beltzhoover,40.419736,-79.9991617,495.0,0.0,0.0,43.0,0.421,"$34,000.00","$43,054.00","$36,000.00","$2,744.00",33869,36917,23.5%,83,4.3,6.8,1,0,6,10,28,8,38,1.7%,85.3%,13.0%,17.9%,1.1%,20.4%,12.5%,0.0%,64.7%,0.0,,0.0,1925,3.32228860269369,17.2581686881292,40.993274793656,706,0.457507082153,0.0807365439093,0.43059490085,0.0,0.0,0.0,0.0,0.0,0.0311614730878
Bloomfield,40.4617308,-79.9522528,983.0,30.0,0.0,38.0,0.702,"$60,560.00","$76,687.00","$92,840.00","$99,250.00",30830,33604,19.4%,453,5.4,4.4,0,3,45,20,70,36,42,9.7%,89.6%,0.7%,8.1%,0.0%,1.1%,0.5%,0.0%,58.1%,41.0,1.0,0.0,8442,3.7950942696137697,31.7445613484974,45.2201728611074,5117,0.420363494235,0.0926324017979,0.200312683213,0.0,0.00840336134454,0.0642954856361,0.188196208716,0.0,0.0257963650577
Bluff,40.4369004,-79.9903987,1493.0,30.0,0.0,50.0,0.327,"$40,600.00","$51,412.00","$21,200.00","$50,000.00",12795,13947,80.2%,105,1.6,2.9,0,0,12,11,14,14,37,22.2%,54.8%,23.0%,12.3%,7.2%,0.0%,0.0%,0.0%,7.4%,52.0,2.730769230769231,0.0,6600,9.07928672339877,16.4763961547341,50.3865325832848,1379,0.255257432922,0.0398839738941,0.230601885424,0.0,0.0,0.0,0.430746918057,0.0,0.0435097897027
Bon Air,40.407725,-80.0012233,267.0,0.0,0.0,8.0,0.313,"$63,300.00","$80,157.00","$69,500.00","$65,000.00",37448,40818,11.0%,26,3.2,6.8,0,0,1,4,7,1,11,2.9%,96.9%,0.2%,38.2%,5.7%,13.3%,34.9%,0.0%,38.3%,0.0,,0.0,808,1.6663897646625,9.16807268005396,29.2909670289264,438,0.602739726027,0.207762557078,0.134703196347,0.0,0.0,0.0,0.0365296803653,0.0,0.0182648401826
Brighton Heights,40.4865869,-80.0297229,1111.0,0.0,0.0,82.0,1.117,"$68,733.00","$87,037.00","$81,433.00","$67,000.00",39694,43267,21.3%,241,3.3,3.9,0,2,17,23,69,29,34,9.5%,89.9%,0.6%,32.3%,2.6%,4.7%,12.7%,0.0%,59.4%,1.0,1.0,11.0,7247,4.18908446723718,29.5183236764419,26.4264312233142,3968,0.630544354839,0.114919354839,0.179435483871,0.0,0.00504032258064,0.0,0.0320060483871,0.0110887096774,0.0269657258065
Brookline,40.4043578,-80.0109294,1387.0,0.0,0.0,51.0,2.082,"$67,175.00","$85,064.00","$82,150.00","$75,000.00",45691,49803,11.7%,241,1.8,3.0,0,1,12,24,43,27,36,0.2%,99.6%,0.2%,3.5%,0.5%,4.6%,17.4%,0.0%,71.6%,22.0,1.0,1.0,13214,9.14597104926436,56.8774322091592,27.3186513972907,7067,0.731144757323,0.0969293901231,0.120277345408,0.0036790717419,0.00806565728032,0.00155653035234,0.0275930380642,0.00594311589076,0.00481109381633
California-Kirkbride,40.4599421,-80.0218657,311.0,0.0,0.0,29.0,0.217,"$32,000.00","$40,522.00","$113,200.00","$9,600.00",26351,28723,62.7%,64,8.4,11.7,1,0,1,6,12,9,48,2.9%,71.9%,25.2%,19.6%,0.0%,0.1%,3.9%,15.0%,29.9%,0.0,,0.0,761,1.58285757032402,6.37890365923053,29.3958693973757,227,0.453744493392,0.0,0.409691629956,0.0,0.0,0.0,0.136563876652,0.0,0.0
Carrick,40.384419,-79.9867635,2345.0,0.0,0.0,117.0,1.673,"$53,233.00","$67,409.00","$66,900.00","$40,250.00",37563,40943,14.8%,453,4.5,5.3,1,2,49,28,118,48,58,0.2%,99.3%,0.5%,6.8%,0.5%,3.5%,12.0%,11.2%,65.2%,10.0,40.2,6.0,10113,6.56325741864801,45.9820859365884,27.4848092866637,4783,0.620949195066,0.103282458708,0.195693079657,0.0,0.00271795943968,0.0,0.0466234580807,0.0,0.0307338490487
Central Business District,40.4406777,-79.9892121,4411.0,0.0,0.0,112.0,0.64,"$59,400.00","$75,218.00","$125,800.00","$240,000.00",37475,40848,28.8%,789,21.7,15.6,0,4,55,27,66,20,66,32.0%,54.5%,13.5%,0.1%,30.5%,7.1%,0.0%,0.0%,0.0%,44.0,1.4090909090909092,0.0,3629,13.5511004158647,30.8431174187818,48.1923709668466,1566,0.247765006386,0.0536398467433,0.211366538953,0.0,0.0,0.0,0.419540229885,0.0,0.0676883780332
Central Lawrenceville,40.4730821,-79.9488759,429.0,0.0,0.0,23.0,0.963,"$41,950.00","$53,121.00","$66,850.00","$67,500.00",31816,34679,21.9%,177,3.9,5.2,0,1,18,12,25,34,40,18.7%,75.9%,5.4%,21.6%,14.0%,1.0%,0.6%,54.6%,20.6%,2.0,1.0,0.0,4482,2.52979354871312,18.259599386912,18.9611623955472,2111,0.51823780199,0.201800094742,0.174324964472,0.0,0.0,0.0146849834202,0.076740881099,0.0,0.0142112742776
Central Northside,40.4584905,-80.0120067,23.0,19.0,0.0,59.0,0.259,"$63,550.00","$80,473.00","$124,300.00","$59,247.00",33004,35974,24.6%,118,4.0,8.4,0,1,15,10,29,12,58,42.9%,45.6%,11.5%,12.2%,0.0%,0.5%,2.2%,0.0%,60.8%,2.0,1.0,0.0,2923,1.81078693210778,12.1782017023232,47.0200837927535,1514,0.478863936592,0.0812417437252,0.196829590489,0.0,0.0,0.0204755614267,0.180977542933,0.0,0.0416116248349
Central Oakland,40.4406805,-79.9542332,520.0,152.0,0.0,16.0,0.281,"$62,100.00","$78,637.00","$144,350.00","$104,940.00",16717,18222,64.8%,236,3.9,2.7,0,1,23,8,66,14,7,5.3%,91.5%,3.2%,10.6%,0.0%,6.9%,3.9%,0.0%,46.2%,59.0,3.0,0.0,6086,1.11899438348231,9.500026404186231,33.8079231465702,2509,0.162614587485,0.068951773615,0.13272220008,0.0,0.0,0.0,0.623754483858,0.0,0.0119569549621
Chartiers City,40.4578183,-80.0705756,46.0,0.0,0.0,4.0,0.132,"$63,200.00","$80,030.00","$76,700.00","$70,900.00",40125,43736,5.3%,9,1.9,4.2,0,0,0,4,2,2,3,7.8%,89.6%,2.6%,15.6%,2.5%,0.2%,17.5%,0.0%,73.0%,0.0,,0.0,477,0.349860720619034,4.32364420433788,32.754880335893,178,0.775280898876,0.0786516853933,0.14606741573,0.0,0.0,0.0,0.0,0.0,0.0
Chateau,40.4518148,-80.0280506,454.0,0.0,0.0,22.0,0.383,0,0,0,"$250,000.00",0,0,100.0%,16,145.5,218.2,0,0,1,0,0,2,14,0,0,0,0.0%,56.7%,0.6%,0.0%,0.0%,0.0%,0.0,,0.0,11,5.72204183466324,13.4386955384076,35.0879779070694,0,,,,,,,,,
Crafton Heights,40.449631,-80.0569283,600.0,0.0,0.0,44.0,0.754,"$64,450.00","$81,613.00","$76,650.00","$40,000.00",39288,42824,16.4%,89,2.3,3.9,0,2,4,7,29,8,23,6.7%,92.7%,0.6%,36.3%,0.0%,1.5%,21.7%,0.0%,74.1%,0.0,,1.0,3814,3.04224058652559,19.3285244674759,25.6346478348487,1757,0.677290836653,0.122936824132,0.168468981218,0.0,0.00739897552647,0.0,0.00796812749004,0.00739897552647,0.00853727945361
Crawford-Roberts,40.4403871,-79.9813476,833.0,19.0,0.0,50.0,0.258,"$70,800.00","$89,654.00","$94,600.00","$11,500.00",14932,16276,48.2%,129,5.7,8.7,0,0,16,10,20,21,90,27.6%,52.8%,19.6%,24.7%,0.0%,3.2%,4.8%,0.0%,73.4%,17.0,1.0,0.0,2256,1.56740388693612,11.0872505155921,42.9738392077214,635,0.653543307087,0.096062992126,0.165354330709,0.0204724409449,0.0,0.0,0.0645669291339,0.0,0.0
Duquesne Heights,40.4386014,-80.0260996,189.0,0.0,0.0,15.0,0.623,"$66,200.00","$83,829.00","$100,500.00","$90,610.00",44160,48134,14.3%,55,2.3,1.8,0,0,0,4,21,5,2,6.0%,92.3%,1.7%,41.5%,3.1%,22.9%,29.5%,0.0%,36.1%,4.0,1.0,0.0,2425,4.0793408933286,14.0491465151773,22.5507969746025,1223,0.55928045789,0.162714636141,0.140637775961,0.0,0.0,0.0,0.028618152085,0.017170891251,0.0915780866721
East Allegheny,40.4572599,-79.9976543,2208.0,0.0,0.0,55.0,0.236,"$36,700.00","$46,473.00","$77,100.00","$51,688.00",28172,30707,22.2%,234,11.0,14.8,0,2,32,28,40,23,73,20.9%,67.9%,11.1%,11.1%,0.0%,0.1%,2.6%,0.0%,48.4%,10.0,1.0,0.0,2136,7.58596253141116,16.9403592001089,71.7811830513088,1195,0.442677824268,0.122175732218,0.229288702929,0.0,0.0,0.0092050209205,0.135564853556,0.00836820083682,0.052719665272
East Carnegie,40.4202222,-80.0745718,48.0,0.0,0.0,0.0,0.432,"$54,400.00","$68,887.00","$63,500.00","$48,250.00",40750,44418,12.5%,9,1.6,1.9,0,0,0,1,5,0,0,3.1%,96.6%,0.3%,0.0%,4.2%,0.2%,19.8%,15.8%,36.0%,0.0,,10.0,570,0.771847003994508,5.55360846965904,12.8555751612478,86,1.0,0.0,0.0,0.0,0.0,0.0,0.0,0.0,0.0
East Hills,40.4521925,-79.8817225,1188.0,0.0,1924.0,109.0,0.541,"$50,900.00","$64,455.00","$40,700.00","$11,358.00",21658,23607,41.5%,90,2.8,4.3,0,0,13,16,25,11,18,5.7%,87.8%,6.5%,0.0%,0.0%,3.9%,12.5%,0.0%,89.7%,0.0,,18.0,3169,1.67734699821449,14.6247416643955,27.0327942040582,802,0.460099750623,0.105985037406,0.361596009975,0.0,0.0,0.0,0.0286783042394,0.0336658354115,0.00997506234414
East Liberty,40.4612717,-79.9187769,1888.0,48.0,0.0,74.0,0.581,"$51,400.00","$65,088.00","$64,650.00","$79,250.00",22958,25024,33.1%,488,8.3,7.6,2,2,63,40,64,59,57,21.2%,74.8%,4.1%,0.8%,0.0%,5.1%,1.0%,0.0%,61.3%,60.0,1.05,0.0,5869,4.59167092055746,21.1338673794719,36.374986883772706,2377,0.478754732857,0.100967606226,0.23811527135,0.0,0.0,0.0,0.159023979806,0.00925536390408,0.0138830458561
Elliott,40.4400199,-80.0409711,662.0,0.0,0.0,40.0,0.606,"$46,100.00","$58,376.00","$51,300.00","$7,031.00",26042,28386,19.6%,105,4.4,6.9,2,0,18,7,22,10,23,0.6%,95.7%,3.7%,37.6%,3.3%,12.0%,24.6%,3.4%,38.3%,0.0,,0.0,2381,4.05511415986364,19.0434223247154,31.4247893147119,949,0.434141201264,0.22655426765,0.276080084299,0.0,0.0,0.0,0.0326659641728,0.0,0.0305584826133
Esplen,40.4627464,-80.0508428,199.0,0.0,0.0,9.0,0.23,"$31,000.00","$39,255.00","$51,400.00","$7,750.00",13618,14844,60.7%,31,10.3,22.6,0,0,5,3,10,6,11,0.9%,91.9%,7.2%,0.2%,28.3%,0.1%,7.9%,0.0%,15.9%,0.0,,0.0,301,1.41913674126648,4.29524381968712,18.6749731290744,68,0.397058823529,0.441176470588,0.161764705882,0.0,0.0,0.0,0.0,0.0,0.0
Fairywood,40.4507815,-80.0847808,127.0,0.0,0.0,7.0,0.969,"$47,000.00","$59,516.00","$72,800.00","$319,980.00",34438,37537,37.5%,3,0.3,0.6,0,0,0,0,1,0,0,0,0,0,6.3%,11.9%,1.2%,24.7%,0.0%,20.2%,0.0,,3.0,1002,1.39816001771491,9.10795772041746,9.39933717277344,116,0.422413793103,0.146551724138,0.0603448275862,0.0,0.112068965517,0.0,0.0,0.0,0.258620689655
Fineview,40.464157,-80.0039415,796.0,0.0,0.0,62.0,0.25,"$39,400.00","$49,892.00","$58,900.00","$16,000.00",29643,32311,33.4%,70,5.4,12.6,1,1,6,19,19,8,59,6.7%,88.0%,5.3%,92.0%,0.0%,3.1%,19.8%,0.0%,46.4%,0.0,,0.0,1285,0.649926115965341,8.50800855510343,34.0320342204137,547,0.482632541133,0.0511882998172,0.371115173675,0.0255941499086,0.0,0.0,0.0694698354662,0.0,0.0
Friendship,40.4592964,-79.9351049,173.0,64.0,0.0,3.0,0.106,"$115,600.00","$146,384.00","$167,300.00","$197,950.00",22107,24097,20.9%,89,5.0,2.5,0,0,7,4,9,15,8,17.8%,79.1%,3.1%,0.0%,0.0%,0.0%,0.0%,0.0%,78.8%,65.0,1.0769230769230769,0.0,1785,0.566244165884337,4.40330329152167,41.540597089827,936,0.357905982906,0.0683760683761,0.285256410256,0.0,0.0,0.0491452991453,0.200854700855,0.0,0.0384615384615
Garfield,40.4672423,-79.94337,718.0,15.0,0.0,80.0,0.457,"$34,033.00","$43,096.00","$60,300.00","$7,839.00",20937,22821,44.5%,182,5.0,5.8,2,1,14,11,50,35,39,5.0%,84.2%,10.7%,2.4%,0.0%,2.9%,9.0%,0.0%,88.4%,19.0,1.0,0.0,3675,1.25475829275917,16.4657651464573,36.030120670585,1472,0.444972826087,0.0652173913043,0.272418478261,0.023097826087,0.0,0.0163043478261,0.135869565217,0.0,0.0421195652174
Glen Hazel,40.4050484,-79.9308344,167.0,0.0,0.0,15.0,0.456,0,0,0,"$50,000.00",12833,13988,38.0%,10,1.4,4.6,0,1,2,2,3,1,2,0,0,0,58.8%,1.7%,0.0%,64.6%,0.0%,19.2%,0.0,,0.0,716,0.146748492409337,2.56748647005125,5.63045278520011,89,0.640449438202,0.0,0.359550561798,0.0,0.0,0.0,0.0,0.0,0.0
Greenfield,40.4216327,-79.9353993,533.0,0.0,0.0,22.0,0.773,"$65,800.00","$83,323.00","$90,900.00","$118,250.00",43580,47502,9.2%,145,2.0,2.3,0,2,7,6,43,15,23,1.0%,97.5%,1.4%,15.3%,0.2%,1.9%,4.3%,0.3%,75.4%,4.0,1.0,0.0,7294,3.8789948498198896,27.814851914338,35.9829908335549,4363,0.578730231492,0.141645656658,0.146229658492,0.00183360073344,0.0,0.0309420123768,0.0685308274123,0.00435480174192,0.0277332110933
Hays,40.3937604,-79.9499181,120.0,0.0,0.0,7.0,1.75,"$38,500.00","$48,753.00","$50,800.00","$10,100.00",29833,32518,29.5%,15,4.1,4.7,0,0,0,1,5,4,1,1.6%,95.2%,3.2%,46.9%,6.5%,0.1%,71.7%,0.0%,13.5%,0.0,,0.0,362,6.4463456961312495,12.0630391866828,6.89316524953301,166,0.819277108434,0.180722891566,0.0,0.0,0.0,0.0,0.0,0.0,0.0
Hazelwood,40.4096285,-79.9486102,1386.0,38.0,0.0,112.0,1.583,"$38,700.00","$49,006.00","$65,550.00","$5,500.00",31067,33863,25.9%,159,3.7,5.0,1,0,10,17,47,25,44,0.7%,90.6%,8.8%,26.4%,2.4%,2.4%,14.5%,16.3%,28.3%,0.0,,0.0,4317,3.6129319669922304,29.8781865537852,18.8744071723216,1729,0.605552342394,0.0908039329092,0.258530942741,0.0,0.0,0.00404858299595,0.032967032967,0.0,0.0080971659919
Highland Park,40.4780209,-79.9195862,555.0,0.0,0.0,31.0,1.163,"$99,900.00","$126,503.00","$167,400.00","$159,000.00",61455,66985,9.2%,182,2.8,2.6,1,0,14,8,25,20,45,13.6%,85.8%,0.6%,16.4%,0.3%,47.1%,16.9%,0.0%,44.1%,0.0,,0.0,6395,5.72668168099589,27.1538974003042,23.348149097424,3699,0.535550148689,0.121113814544,0.240335225737,0.0,0.0,0.0186536901865,0.0508245471749,0.0100027034334,0.0235198702352
Homewood North,40.4594767,-79.8955903,1963.0,30.0,0.0,130.0,0.434,"$37,900.00","$47,993.00","$35,450.00","$6,991.00",21158,23062,55.7%,198,6.0,5.8,3,3,14,33,68,24,23,1.2%,86.4%,12.3%,0.0%,0.0%,2.5%,5.6%,0.0%,89.9%,1.0,1.0,0.0,3280,1.76142163165811,16.7900488733253,38.6867485560492,1174,0.476149914821,0.0400340715503,0.357751277683,0.0,0.0,0.0,0.0775127768313,0.0,0.0485519591141
Homewood South,40.449689,-79.8859784,2083.0,34.0,0.0,252.0,0.398,"$33,800.00","$42,801.00","$48,400.00","$7,000.00",20190,22007,31.9%,243,10.4,11.7,4,0,38,25,74,30,50,9.8%,72.5%,17.8%,0.0%,0.0%,1.1%,0.0%,0.0%,69.2%,0.0,,2.0,2344,1.75846048815536,16.6908738668011,41.936869012063,598,0.454849498328,0.125418060201,0.341137123746,0.0,0.0,0.0,0.0434782608696,0.0,0.0351170568562
Homewood West,40.4569713,-79.9050701,763.0,15.0,0.0,53.0,0.199,"$38,400.00","$48,626.00","$34,500.00","$6,029.00",14423,15721,36.8%,56,6.8,9.2,1,0,8,3,11,13,7,2.4%,85.0%,12.6%,4.0%,0.0%,0.6%,5.6%,0.0%,52.2%,0.0,,0.0,818,1.58114060120371,6.42769268801701,32.2999632563669,285,0.284210526316,0.277192982456,0.305263157895,0.0,0.0,0.0,0.108771929825,0.0,0.0245614035088
Knoxville,40.4109357,-79.9931744,1330.0,0.0,0.0,96.0,0.302,"$36,000.00","$45,587.00","$39,900.00","$10,634.00",27893,30403,28.6%,223,6.0,10.5,2,3,25,29,83,21,113,1.7%,93.8%,4.6%,0.1%,0.0%,0.0%,0.5%,0.0%,94.0%,6.0,1.0,0.0,3747,1.20377400075905,14.4171272575287,47.738831978572,1493,0.484259879437,0.123911587408,0.304085733423,0.0,0.0,0.0,0.0750167448091,0.012726054923,0.0
Larimer,40.4633748,-79.9087841,879.0,0.0,0.0,107.0,0.445,"$40,250.00","$50,969.00","$34,850.00","$4,755.00",26665,29064,21.6%,139,8.0,7.2,3,1,16,19,33,24,22,4.9%,79.9%,15.2%,10.0%,0.0%,2.2%,4.3%,0.0%,44.5%,0.0,,0.0,1728,2.93054394963428,15.7884141892458,35.4795824477435,462,0.515151515152,0.0606060606061,0.309523809524,0.0,0.0,0.0,0.0930735930736,0.0,0.021645021645
Lincoln Place,40.3745282,-79.9191876,227.0,0.0,958.0,8.0,0.984,"$65,300.00","$82,689.00","$77,700.00","$55,000.00",41188,44895,3.6%,32,1.0,2.0,0,0,1,3,11,2,0,2.1%,97.7%,0.2%,5.6%,0.1%,3.7%,26.4%,0.0%,80.1%,0.0,,20.0,3227,2.95002620643996,21.9629975795417,22.3201194914041,1881,0.839447102605,0.0499734183945,0.0893141945774,0.0,0.0,0.0,0.0026581605529,0.00956937799043,0.00903774587985
Lincoln-Lemington-Belmar,40.487579,-79.8907469,1353.0,0.0,406.0,103.0,0.28,"$44,800.00","$56,730.00","$43,767.00","$6,575.00",29564,32225,30.4%,133,2.7,3.6,0,0,19,13,34,19,15,3.0%,90.1%,7.0%,20.8%,0.9%,2.1%,26.5%,2.6%,32.3%,0.0,,10.0,4883,6.313541442929,30.3783552240481,16.7650967020133,1607,0.514001244555,0.103920348475,0.279402613566,0.0,0.0,0.0,0.0429371499689,0.0,0.059738643435
Lower Lawrenceville,40.4621267,-79.9609234,270.0,41.0,0.0,13.0,0.43,"$37,000.00","$46,853.00","$56,900.00","$65,000.00",22311,24319,38.7%,107,4.6,5.4,0,2,6,9,29,16,21,6.6%,86.8%,6.6%,4.7%,29.9%,4.8%,3.3%,0.0%,23.7%,28.0,1.0,0.0,2341,2.14627545929034,12.7346873564046,29.6155519916386,1182,0.445008460237,0.108291032149,0.181895093063,0.0,0.0118443316413,0.075296108291,0.137055837563,0.0,0.0406091370558
Manchester,40.4578695,-80.0264589,469.0,0.0,0.0,64.0,0.279,"$71,900.00","$91,047.00","$101,300.00","$9,202.00",32418,35336,18.9%,69,3.2,6.4,0,0,7,8,19,12,44,21.6%,58.6%,19.8%,0.0%,0.1%,3.9%,0.0%,0.0%,74.8%,0.0,,0.0,2130,2.15655176015017,11.1360512078976,39.9141620354754,749,0.35914552737,0.0106809078772,0.41655540721,0.0,0.0,0.0,0.116154873164,0.0480640854473,0.0493991989319
Marshall-Shadeland,40.4659231,-80.0458881,1513.0,0.0,0.0,108.0,0.231,"$47,100.00","$59,643.00","$61,900.00","$13,500.00",32608,35543,28.2%,222,3.7,5.1,1,0,26,24,65,21,31,7.2%,88.9%,3.8%,27.6%,33.1%,0.8%,7.8%,10.8%,32.5%,0.0,,0.0,6043,7.06084190365989,24.5437602197947,19.5723765708092,2006,0.489032901296,0.0927218344965,0.34297108674,0.0,0.0,0.0,0.0533399800598,0.00548354935194,0.0164506480558
Middle Hill,40.4459724,-79.9776953,931.0,34.0,0.0,88.0,0.305,"$30,200.00","$38,242.00","$72,800.00","$4,317.00",22957,25023,26.4%,114,6.7,13.7,0,0,16,10,17,25,102,9.3%,67.0%,23.7%,0.0%,0.0%,0.9%,1.5%,0.0%,79.5%,0.0,,0.0,1707,0.943705297176932,13.2567073785863,43.4646143560208,606,0.407590759076,0.0676567656766,0.483498349835,0.0,0.0,0.0,0.0412541254125,0.0,0.0
Morningside,40.4799173,-79.9300799,188.0,0.0,0.0,12.0,0.382,"$59,500.00","$75,345.00","$89,700.00","$83,250.00",41490,45224,5.2%,67,2.0,2.7,0,0,2,2,21,15,12,2.3%,97.3%,0.4%,26.0%,1.4%,9.0%,8.2%,0.0%,60.7%,0.0,,0.0,3346,1.94111592629905,15.2381884165567,39.890545593080304,1921,0.595523165018,0.160333159813,0.150963040083,0.0,0.0,0.0124934929724,0.0530973451327,0.0124934929724,0.0150963040083
Mount Washington,40.4247086,-80.0011285,1429.0,0.0,0.0,78.0,1.139,"$55,450.00","$70,216.00","$78,175.00","$46,000.00",43321,47219,20.2%,434,4.9,4.9,0,3,22,23,115,38,44,11.9%,86.9%,1.2%,23.8%,1.6%,15.3%,13.3%,0.0%,55.9%,3.0,1.0,0.0,8799,4.62877426492943,34.2500055654249,30.0438645310745,5247,0.649704593101,0.0859538784067,0.165427863541,0.0,0.00266819134744,0.00495521250238,0.0594625500286,0.0020964360587,0.0297312750143
Mt. Oliver,40.410874,-79.9793742,125.0,0.0,0.0,4.0,0.103,"$39,200.00","$49,639.00","$56,700.00","$15,000.00",38505,41970,36.4%,12,2.4,5.5,0,1,0,4,1,3,2,0.0%,97.4%,2.6%,9.2%,0.0%,27.7%,11.5%,0.0%,87.0%,0.0,,0.0,509,0.744944290175379,3.53253121359034,35.3253121359034,196,0.520408163265,0.112244897959,0.234693877551,0.0,0.0,0.0,0.132653061224,0.0,0.0
New Homestead,40.3879201,-79.9225537,39.0,0.0,0.0,0.0,0.794,"$90,900.00","$115,107.00","$117,400.00","$100,000.00",83167,90652,8.5%,7,0.7,0.4,0,0,0,0,1,2,1,13.5%,85.8%,0.7%,30.9%,0.0%,0.4%,62.0%,0.0%,67.0%,0.0,,0.0,990,0.623484849180303,12.1052741731521,15.2459372457835,737,0.888738127544,0.0366350067843,0.0189959294437,0.0,0.0,0.0,0.0176390773406,0.0,0.0379918588874
North Oakland,40.4458408,-79.9483932,453.0,34.0,0.0,15.0,0.499,"$222,423.00","$281,654.00","$273,000.00","$145,000.00",50004,54504,39.2%,182,1.7,1.3,0,0,16,7,35,13,12,15.4%,81.9%,2.6%,17.9%,0.0%,4.6%,2.1%,0.0%,34.4%,43.0,3.0,0.0,10551,2.44966080046701,15.0005857477657,30.0612940836988,3436,0.205762514552,0.0724679860303,0.115250291036,0.00378346915017,0.0,0.029394644936,0.525611175786,0.00378346915017,0.0439464493597
North Shore,40.449658,-79.9981098,812.0,34.0,0.0,16.0,0.303,"$20,000.00","$25,326.00",0,"$19,524,500.00",82650,90089,0.0%,72,23.8,22.4,0,0,1,6,7,5,8,80.0%,12.5%,7.5%,0.0%,82.0%,5.5%,0.0%,0.0%,0.0%,25.0,3.52,0.0,303,6.81337092907314,13.6023263663899,44.8921662257092,161,0.72049689441,0.0,0.0,0.0,0.0,0.0,0.27950310559,0.0,0.0
Northview Heights,40.4776383,-80.0025945,713.0,0.0,0.0,48.0,0.313,"$29,400.00","$37,229.00",0,"$30,903.00",12933,14097,58.1%,63,5.2,10.4,1,0,6,17,16,1,19,0,0,0,38.0%,0.0%,0.0%,28.8%,0.0%,53.1%,0.0,,0.0,1214,3.15781795150305,5.7899913186014,18.4983748198128,296,0.0844594594595,0.0,0.773648648649,0.0,0.0,0.0,0.0574324324324,0.0,0.0844594594595
Oakwood,40.4269246,-80.0658036,82.0,0.0,0.0,4.0,0.252,"$74,500.00","$94,339.00","$108,500.00","$105,000.00",34345,37436,12.4%,14,1.4,1.4,0,0,2,1,2,1,2,20.3%,79.2%,0.5%,0.0%,0.0%,3.0%,33.8%,0.0%,63.2%,0.0,,2.0,1027,1.76845184892822,5.71605101232856,22.6827421124149,431,0.784222737819,0.0255220417633,0.122969837587,0.0,0.0,0.0,0.046403712297,0.0,0.0208816705336
Overbrook,40.3911959,-79.9952543,328.0,0.0,0.0,25.0,0.839,"$61,850.00","$78,321.00","$76,200.00","$63,150.00",42244,46046,11.7%,73,2.0,2.5,0,0,4,7,26,14,9,2.4%,97.1%,0.5%,0.0%,3.9%,3.2%,18.3%,0.0%,65.9%,1.0,50.0,3.0,3644,2.66194281941138,20.9239567961346,24.9391618547492,2015,0.680893300248,0.137965260546,0.154838709677,0.0,0.0,0.0,0.0263027295285,0.0,0.0
Perry North,40.4836266,-80.0171609,587.0,0.0,0.0,33.0,1.212,"$61,850.00","$78,321.00","$76,300.00","$43,750.00",46250,50412,14.5%,112,2.8,4.9,1,0,6,8,45,12,31,1.7%,96.5%,1.8%,59.0%,0.0%,33.3%,37.6%,0.0%,38.4%,3.0,1.0,0.0,4050,5.56194589324824,27.1088116654853,22.3670063246578,2056,0.673638132296,0.141050583658,0.131322957198,0.0,0.0,0.0,0.0369649805447,0.0,0.0170233463035
Perry South,40.4733966,-80.0097343,1055.0,0.0,0.0,112.0,0.905,"$44,500.00","$56,350.00","$51,350.00","$4,798.00",29797,32478,37.0%,221,5.3,7.5,2,0,11,29,82,28,87,5.0%,83.3%,11.8%,31.9%,0.0%,2.2%,13.7%,13.5%,37.7%,0.0,,0.0,4145,3.4538168913033,23.1218507668824,25.5490063722458,1485,0.526599326599,0.102356902357,0.327946127946,0.0,0.0,0.0,0.0363636363636,0.0,0.00673400673401
Point Breeze,40.4420424,-79.906331,300.0,0.0,0.0,23.0,1.004,"$164,000.00","$207,673.00","$240,300.00","$242,500.00",87802,95704,4.6%,116,2.2,1.4,0,0,6,3,29,4,13,6.9%,92.8%,0.3%,3.8%,0.0%,8.5%,7.6%,27.4%,60.5%,0.0,,0.0,5315,5.12670369760884,21.3298433829322,21.2448639272233,3177,0.646207113629,0.0758577274158,0.15801070192,0.0,0.0,0.0116462071136,0.0390305319484,0.0113314447592,0.0579162732137
Point Breeze North,40.4523867,-79.9073195,288.0,0.0,0.0,17.0,0.286,"$83,200.00","$105,356.00","$99,500.00","$57,250.00",35041,38195,20.0%,84,4.1,3.1,0,0,4,5,13,10,9,5.7%,93.3%,1.0%,0.0%,0.0%,6.6%,0.0%,0.0%,60.0%,0.0,,0.0,2054,1.62818949537362,6.7385400950136,23.5613290035441,969,0.399380804954,0.163054695562,0.357069143447,0.0,0.0,0.0,0.015479876161,0.0123839009288,0.0526315789474
Polish Hill,40.458604,-79.9613007,165.0,0.0,0.0,10.0,0.255,"$40,500.00","$51,285.00","$62,700.00","$19,900.00",30972,33759,7.4%,34,2.7,3.1,1,0,3,3,6,8,11,5.2%,88.8%,6.0%,75.0%,0.4%,15.0%,9.5%,0.0%,26.4%,0.0,,0.0,1274,1.4643565123329,8.01637343584458,31.4367585719396,921,0.729641693811,0.0966340933768,0.112920738328,0.0,0.0,0.0,0.0119435396308,0.0,0.0488599348534
Regent Square,40.4328896,-79.8976172,37.0,0.0,0.0,4.0,0.192,"$113,000.00","$143,092.00","$196,300.00","$224,900.00",77647,84635,1.1%,38,4.1,1.5,0,1,2,0,6,1,1,16.4%,83.6%,0.0%,32.8%,2.7%,51.6%,33.3%,0.0%,45.1%,0.0,,1.0,928,0.460529950079508,4.50553004308796,23.4663023077498,614,0.605863192182,0.0928338762215,0.234527687296,0.0,0.0,0.0,0.0309446254072,0.0,0.0358306188925
Ridgemont,40.4270691,-80.0344802,37.0,0.0,0.0,0.0,0.369,"$70,300.00","$89,021.00","$90,500.00","$52,000.00",56250,61313,8.4%,14,2.9,3.1,0,0,0,1,3,0,2,9.8%,90.2%,0.0%,29.7%,0.0%,0.0%,38.6%,0.0%,46.2%,0.0,,0.0,483,3.30596089143826,6.77353465375723,18.3564624763069,276,0.804347826087,0.0471014492754,0.0,0.0,0.0,0.0,0.148550724638,0.0,0.0
Shadyside,40.4510923,-79.9473004,968.0,38.0,0.0,25.0,0.921,"$153,560.00","$194,453.00","$264,860.00","$247,000.00",45315,49393,19.3%,623,4.5,2.2,0,1,24,10,60,53,14,13.9%,85.6%,0.5%,1.1%,0.0%,2.9%,0.0%,0.0%,82.1%,23.0,1.5217391304347827,0.0,13915,4.29149585786583,27.2377792272179,29.5741359687491,8223,0.448498115043,0.073330901131,0.268636750578,0.0,0.00352669342089,0.0117961814423,0.172807977624,0.00449957436459,0.0169038063967
Sheraden,40.4580322,-80.0647449,1284.0,0.0,0.0,108.0,0.89,"$50,500.00","$63,948.00","$61,600.00","$11,500.00",31064,33860,26.6%,222,4.2,7.2,2,3,21,21,73,25,61,1.1%,97.4%,1.5%,38.2%,0.1%,10.5%,17.1%,0.0%,40.6%,0.0,,0.0,5299,1.83835631353973,31.1146996588365,34.9603366953219,2438,0.536915504512,0.207957342084,0.209187858901,0.0,0.0,0.0,0.0168170631665,0.0233798195242,0.00574241181296
South Oakland,40.4308074,-79.9518013,354.0,53.0,0.0,16.0,0.508,"$47,700.00","$60,403.00","$77,200.00","$93,000.00",26327,28696,37.7%,104,3.5,3.7,0,1,2,3,37,19,13,0.8%,95.5%,3.7%,23.2%,9.8%,1.7%,6.7%,0.0%,26.4%,0.0,,0.0,2969,8.06648365461481,19.2154558194426,37.8257004319736,1132,0.46554770318,0.0282685512367,0.139575971731,0.00706713780919,0.0,0.0,0.302120141343,0.00971731448763,0.047703180212
South Shore,40.4366295,-80.0102703,298.0,64.0,0.0,12.0,0.212,0,0,0,$200.00,150250,163773,0.0%,37,194.7,315.8,0,0,4,1,5,2,3,0,0,0,7.6%,52.4%,2.8%,1.4%,0.0%,0.0%,51.0,3.2941176470588234,0.0,19,3.63507368539898,7.9842653417428195,37.661628970485,38,0.763157894737,0.0,0.236842105263,0.0,0.0,0.0,0.0,0.0,0.0
South Side Flats,40.4302576,-79.9922422,3481.0,15.0,0.0,180.0,0.936,"$77,100.00","$97,632.00","$153,750.00","$174,500.00",40565,44215,20.5%,669,10.1,11.7,1,6,52,61,74,56,53,12.7%,84.6%,2.7%,0.0%,21.3%,3.5%,0.2%,0.0%,24.6%,3.0,1.0,0.0,6597,4.09368894507284,25.9395056980014,27.7131471132494,4328,0.530268022181,0.0804066543438,0.156423290203,0.0,0.00323475046211,0.0138632162662,0.193160813309,0.0025415896488,0.020101663586
South Side Slopes,40.4249025,-79.9876098,801.0,19.0,0.0,37.0,0.716,"$43,700.00","$55,337.00","$73,050.00","$47,700.00",37944,41359,19.8%,210,4.7,4.6,0,0,15,14,65,23,27,1.8%,94.1%,4.1%,66.4%,0.0%,13.9%,12.2%,4.1%,35.1%,59.0,1.0,0.0,4423,2.53390832421508,22.2431222662394,31.0658132210048,2586,0.629156999227,0.135344160866,0.113302397525,0.0,0.0,0.0,0.0986078886311,0.00232018561485,0.0212683681361
Spring Garden,40.4600565,-79.9915198,217.0,0.0,0.0,9.0,0.275,"$29,800.00","$37,736.00","$48,000.00","$8,252.00",38418,41876,13.8%,36,4.1,6.9,0,0,2,7,10,3,9,3.9%,89.3%,6.7%,54.3%,0.2%,8.1%,36.6%,0.0%,37.3%,0.0,,0.0,884,1.9276134405111,6.54938097228218,23.8159308082988,638,0.413793103448,0.30407523511,0.0673981191223,0.0,0.0,0.051724137931,0.12539184953,0.0,0.0376175548589
Spring Hill-City View,40.4632158,-79.994168,711.0,0.0,0.0,65.0,0.63,"$43,700.00","$55,337.00","$58,900.00","$11,750.00",21875,23844,33.7%,121,4.6,6.5,0,0,15,15,32,9,52,4.8%,91.3%,4.0%,57.2%,0.0%,5.0%,26.2%,2.7%,40.7%,0.0,,0.0,2648,1.92068253699714,15.1816477558662,24.09785358074,899,0.530589543938,0.182424916574,0.147942157953,0.0,0.0,0.06340378198,0.0444938820912,0.0,0.0311457174638
Squirrel Hill North,40.4427301,-79.9435821,290.0,0.0,0.0,10.0,1.222,"$254,667.00","$322,485.00","$344,900.00","$337,500.00",83861,91409,8.8%,148,1.3,1.0,0,0,4,3,33,16,15,17.6%,82.4%,0.0%,0.4%,0.0%,3.4%,2.1%,2.1%,79.1%,29.0,1.4137931034482758,0.0,11363,8.1915332353268,26.463352787781,21.6557715120958,5962,0.475343844348,0.0449513586045,0.110868835961,0.0,0.0020127474002,0.0155987923516,0.260818517276,0.0,0.090405904059
Squirrel Hill South,40.4266034,-79.9185733,812.0,0.0,0.0,33.0,2.671,"$134,633.00","$170,486.00","$201,400.00","$218,250.00",54473,59376,11.7%,331,2.2,1.4,0,0,22,5,70,29,8,5.6%,94.2%,0.1%,21.9%,1.3%,40.0%,28.9%,0.0%,50.2%,64.0,1.0,0.0,15110,7.989167646635551,46.6716347300125,17.4734686372192,7779,0.5404293611,0.086514976218,0.227407121738,0.0,0.0017997171873,0.0250674893945,0.0682607018897,0.00257102455328,0.0479496079188
St. Clair,40.4088032,-79.9721874,55.0,0.0,0.0,4.0,0.31,"$45,000.00","$56,984.00","$41,100.00","$23,000.00",28304,30851,43.9%,14,6.7,4.8,0,0,0,2,2,4,0,0,0,0,47.1%,0.1%,0.0%,49.3%,0.0%,39.5%,0.0,,0.0,209,1.36504926261818,4.35659175743144,14.0535217981659,289,0.307958477509,0.0,0.550173010381,0.0,0.0,0.0,0.100346020761,0.0,0.0415224913495
Stanton Heights,40.4847864,-79.9385823,222.0,0.0,0.0,14.0,0.735,"$66,750.00","$84,526.00","$86,700.00","$80,710.00",48949,53354,4.2%,67,1.5,1.9,0,1,3,4,20,12,7,9.3%,90.0%,0.6%,18.0%,0.0%,3.0%,20.4%,0.0%,74.6%,0.0,,3.0,4601,2.15613307426144,20.5327878533688,27.9357657868963,2468,0.714748784441,0.118719611021,0.126012965964,0.00283630470016,0.00810372771475,0.0190437601297,0.00850891410049,0.0,0.00202593192869
Strip District,40.4544996,-79.9812762,502.0,53.0,0.0,22.0,0.608,"$215,900.00","$273,394.00","$161,800.00","$250,000.00",64868,70706,2.1%,155,25.2,27.1,0,0,12,14,20,18,38,12.7%,72.2%,15.1%,10.9%,54.2%,1.7%,3.1%,0.0%,0.0%,38.0,1.0,0.0,616,5.16200968425532,17.3403890017724,28.5203766476519,277,0.537906137184,0.191335740072,0.180505415162,0.0,0.0,0.0,0.0,0.0,0.0902527075812
Summer Hill,40.4922173,-80.0081121,76.0,0.0,0.0,2.0,0.439,"$76,100.00","$96,365.00","$94,400.00","$67,500.00",39034,42547,7.9%,13,1.2,2.1,0,0,0,1,2,2,1,8.4%,90.4%,1.1%,52.8%,0.0%,0.0%,18.8%,0.0%,50.8%,0.0,,3.0,1051,4.942394252502271,12.6774085538353,28.8779238128366,643,0.945567651633,0.0279937791602,0.0264385692068,0.0,0.0,0.0,0.0,0.0,0.0
Swisshelm Park,40.4196414,-79.9075532,43.0,0.0,0.0,1.0,0.48,"$82,000.00","$103,837.00","$108,600.00","$124,000.00",72500,79025,2.1%,28,2.1,1.0,0,0,0,0,4,2,0,11.7%,88.2%,0.1%,47.3%,4.8%,11.9%,31.2%,0.0%,64.7%,0.0,,0.0,1361,2.03851170556502,8.54207134215881,17.7959819628308,710,0.695774647887,0.169014084507,0.0647887323944,0.0,0.0,0.030985915493,0.0295774647887,0.0,0.00985915492958
Terrace Village,40.4416579,-79.9764621,297.0,19.0,0.0,40.0,0.342,"$54,500.00","$69,013.00","$59,300.00","$4,658.00",10857,11834,46.2%,163,5.0,8.1,5,1,22,26,37,25,71,0,0,0,14.7%,0.0%,7.3%,8.3%,0.0%,61.0%,11.0,1.0,0.0,3228,0.743196390630701,7.41039970246263,21.6678353873176,1031,0.162948593598,0.0640155189137,0.451988360815,0.0,0.0,0.0,0.31231813773,0.0,0.00872938894277
Troy Hill,40.4611811,-79.9859947,436.0,0.0,0.0,34.0,0.384,"$43,400.00","$54,957.00","$52,600.00","$24,900.00",37057,40392,22.3%,163,6.0,6.5,1,0,19,10,46,12,27,0.0%,98.3%,1.7%,23.9%,29.1%,2.8%,7.5%,2.4%,29.3%,0.0,,1.0,2714,2.39512993683841,13.6274097987891,29.624803910411,1370,0.650364963504,0.13795620438,0.0992700729927,0.0,0.0,0.0,0.0846715328467,0.0116788321168,0.0160583941606
Upper Hill,40.450723,-79.9591365,368.0,0.0,0.0,28.0,0.313,"$39,400.00","$49,892.00","$66,300.00","$8,003.00",32000,34880,23.4%,45,2.2,3.8,2,3,6,8,5,6,9,5.0%,85.3%,9.7%,38.5%,0.0%,6.4%,9.2%,0.0%,76.4%,13.0,2.8461538461538463,0.0,2057,0.769579035150909,9.56895619047028,30.5717450174769,633,0.489731437599,0.13112164297,0.312796208531,0.0,0.0,0.0,0.042654028436,0.0236966824645,0.0
Upper Lawrenceville,40.4818107,-79.9477736,189.0,19.0,0.0,11.0,0.405,"$35,900.00","$45,460.00","$48,700.00","$38,000.00",31779,34639,25.7%,92,3.4,6.9,0,0,12,9,24,12,29,6.9%,85.6%,7.5%,13.9%,11.9%,1.3%,6.4%,0.0%,24.4%,1.0,1.0,0.0,2669,1.82784207420955,12.0905402601255,29.8531858274705,1163,0.567497850387,0.0541702493551,0.250214961307,0.0,0.0,0.0103181427343,0.0524505588994,0.0,0.0653482373173
West End,40.440883,-80.0357065,289.0,0.0,0.0,6.0,0.2,"$26,800.00","$33,937.00","$29,800.00","$14,383.00",41250,44963,0.0%,23,9.1,21.3,0,1,2,3,7,3,30,1.0%,92.2%,6.8%,16.8%,25.4%,6.1%,13.2%,0.0%,0.8%,7.0,1.0,0.0,254,4.16586273567432,7.04278747656152,35.2139373828076,64,0.484375,0.171875,0.15625,0.0,0.1875,0.0,0.0,0.0,0.0
West Oakland,40.4412437,-79.9626107,324.0,41.0,0.0,13.0,0.215,"$47,500.00","$60,149.00","$61,100.00","$66,000.00",20962,22849,46.6%,82,3.1,2.5,1,1,13,4,14,8,13,0.6%,89.7%,9.7%,64.5%,0.0%,0.8%,13.4%,0.0%,25.5%,32.0,2.5,0.0,2604,1.25516905303648,6.49186719179178,30.1947311246129,834,0.354916067146,0.00959232613909,0.220623501199,0.0,0.0,0.0,0.407673860911,0.00719424460432,0.0
Westwood,40.43201,-80.0530374,226.0,0.0,0.0,10.0,0.692,"$72,200.00","$91,427.00","$93,700.00","$70,000.00",49877,54366,5.8%,57,1.9,1.7,0,1,1,4,17,6,3,22.7%,76.4%,0.9%,15.2%,0.0%,3.3%,23.2%,0.0%,71.9%,0.0,,0.0,3066,2.41220898084633,16.6402142115339,24.0465523288063,1563,0.630198336532,0.113883557262,0.128598848369,0.0,0.0115163147793,0.0,0.08701215611,0.0,0.0287907869482
Windgap,40.4597668,-80.07783,124.0,0.0,0.0,11.0,0.415,"$66,000.00","$83,576.00","$78,200.00","$59,950.00",40982,44670,5.4%,41,3.0,2.9,1,0,4,1,8,7,5,14.8%,84.4%,0.8%,11.0%,2.1%,4.4%,23.2%,0.0%,62.8%,0.0,,9.0,1369,1.09668802499525,8.922291959711501,21.4994986981,567,0.599647266314,0.169312169312,0.179894179894,0.0,0.0,0.0,0.0,0.0511463844797,0.0
